algorithm,maze_name,run_index,visited_cells,total_cells,final_path_length,total_moves,total_turns,elapsed_seconds,replan_count,new_walls_found,reached_goal,notes,exploration_ratio,turn_ratio,moves_per_cell,speedrun_efficiency,phase1,phase2,phase3
FloodFill,default,0,214,256,90,445,287,29.2477,146,146,False,,0.8359,0.3921,2.0794,0.0349,"{""phase_name"": ""Phase1_Exploration"", ""moves"": 324, ""turns"": 224, ""cells_visited"": 209, ""time_seconds"": 22.8153, ""walls_found"": 144, ""replan_count"": 144, ""reached_target"": true, ""total_commands"": 548, ""turn_ratio"": 0.4088, ""moves_per_cell"": 1.5502}","{""phase_name"": ""Phase2_ReverseExploration"", ""moves"": 106, ""turns"": 58, ""cells_visited"": 3, ""time_seconds"": 5.7059, ""walls_found"": 2, ""replan_count"": 2, ""reached_target"": true, ""total_commands"": 164, ""turn_ratio"": 0.3537, ""moves_per_cell"": 35.3333}","{""phase_name"": ""SpeedRun"", ""moves"": 15, ""turns"": 5, ""cells_visited"": 1, ""time_seconds"": 0.7265, ""walls_found"": 0, ""replan_count"": 0, ""reached_target"": false, ""total_commands"": 20, ""turn_ratio"": 0.25, ""moves_per_cell"": 15.0}"
FloodFill,default,0,167,256,70,310,147,20.2495,133,133,True,,0.6523,0.3217,1.8563,0.2917,"{""phase_name"": ""Phase1_Exploration"", ""moves"": 120, ""turns"": 59, ""cells_visited"": 105, ""time_seconds"": 9.0405, ""walls_found"": 84, ""replan_count"": 84, ""reached_target"": true, ""total_commands"": 179, ""turn_ratio"": 0.3296, ""moves_per_cell"": 1.1429}","{""phase_name"": ""Phase2_ReverseExploration"", ""moves"": 120, ""turns"": 59, ""cells_visited"": 61, ""time_seconds"": 7.729, ""walls_found"": 49, ""replan_count"": 49, ""reached_target"": true, ""total_commands"": 179, ""turn_ratio"": 0.3296, ""moves_per_cell"": 1.9672}","{""phase_name"": ""SpeedRun"", ""moves"": 70, ""turns"": 29, ""cells_visited"": 0, ""time_seconds"": 3.48, ""walls_found"": 0, ""replan_count"": 0, ""reached_target"": true, ""total_commands"": 99, ""turn_ratio"": 0.2929, ""moves_per_cell"": 0.0}"
FloodFill,default,0,213,256,84,324,118,22.4637,163,163,True,,0.832,0.267,1.5211,0.35,"{""phase_name"": ""Phase1_Exploration"", ""moves"": 138, ""turns"": 56, ""cells_visited"": 117, ""time_seconds"": 11.2785, ""walls_found"": 94, ""replan_count"": 94, ""reached_target"": true, ""total_commands"": 194, ""turn_ratio"": 0.2887, ""moves_per_cell"": 1.1795}","{""phase_name"": ""Phase2_ReverseExploration"", ""moves"": 102, ""turns"": 32, ""cells_visited"": 86, ""time_seconds"": 7.0749, ""walls_found"": 69, ""replan_count"": 69, ""reached_target"": true, ""total_commands"": 134, ""turn_ratio"": 0.2388, ""moves_per_cell"": 1.186}","{""phase_name"": ""SpeedRun"", ""moves"": 84, ""turns"": 30, ""cells_visited"": 9, ""time_seconds"": 4.1103, ""walls_found"": 0, ""replan_count"": 0, ""reached_target"": true, ""total_commands"": 114, ""turn_ratio"": 0.2632, ""moves_per_cell"": 9.3333}"
IncrementalAStar,default,0,193,256,50,228,92,55.6498,93,155,False,,0.7539,0.2875,1.1813,0.0654,"{""phase_name"": ""Phase1_Exploration"", ""moves"": 118, ""turns"": 54, ""cells_visited"": 107, ""time_seconds"": 10.6792, ""walls_found"": 88, ""replan_count"": 51, ""reached_target"": true, ""total_commands"": 172, ""turn_ratio"": 0.314, ""moves_per_cell"": 1.1028}","{""phase_name"": ""Phase2_ReverseExploration"", ""moves"": 96, ""turns"": 32, ""cells_visited"": 83, ""time_seconds"": 6.1571, ""walls_found"": 67, ""replan_count"": 42, ""reached_target"": true, ""total_commands"": 128, ""turn_ratio"": 0.25, ""moves_per_cell"": 1.1566}","{""phase_name"": ""SpeedRun"", ""moves"": 14, ""turns"": 6, ""cells_visited"": 2, ""time_seconds"": 38.8135, ""walls_found"": 0, ""replan_count"": 0, ""reached_target"": false, ""total_commands"": 20, ""turn_ratio"": 0.3, ""moves_per_cell"": 7.0}"
IncrementalAStar,default,0,175,256,70,320,151,21.4584,70,135,True,,0.6836,0.3206,1.8286,0.28,"{""phase_name"": ""Phase1_Exploration"", ""moves"": 176, ""turns"": 93, ""cells_visited"": 131, ""time_seconds"": 13.8196, ""walls_found"": 107, ""replan_count"": 58, ""reached_target"": true, ""total_commands"": 269, ""turn_ratio"": 0.3457, ""moves_per_cell"": 1.3435}","{""phase_name"": ""Phase2_ReverseExploration"", ""moves"": 74, ""turns"": 29, ""cells_visited"": 37, ""time_seconds"": 4.1793, ""walls_found"": 28, ""replan_count"": 12, ""reached_target"": true, ""total_commands"": 103, ""turn_ratio"": 0.2816, ""moves_per_cell"": 2.0}","{""phase_name"": ""SpeedRun"", ""moves"": 70, ""turns"": 29, ""cells_visited"": 6, ""time_seconds"": 3.4595, ""walls_found"": 0, ""replan_count"": 0, ""reached_target"": true, ""total_commands"": 99, ""turn_ratio"": 0.2929, ""moves_per_cell"": 11.6667}"
IncrementalAStar,default,1,175,256,70,320,151,19.0722,70,135,True,,0.6836,0.3206,1.8286,0.28,"{""phase_name"": ""Phase1_Exploration"", ""moves"": 176, ""turns"": 93, ""cells_visited"": 131, ""time_seconds"": 11.4705, ""walls_found"": 107, ""replan_count"": 58, ""reached_target"": true, ""total_commands"": 269, ""turn_ratio"": 0.3457, ""moves_per_cell"": 1.3435}","{""phase_name"": ""Phase2_ReverseExploration"", ""moves"": 74, ""turns"": 29, ""cells_visited"": 37, ""time_seconds"": 4.1348, ""walls_found"": 28, ""replan_count"": 12, ""reached_target"": true, ""total_commands"": 103, ""turn_ratio"": 0.2816, ""moves_per_cell"": 2.0}","{""phase_name"": ""SpeedRun"", ""moves"": 70, ""turns"": 29, ""cells_visited"": 6, ""time_seconds"": 3.4669, ""walls_found"": 0, ""replan_count"": 0, ""reached_target"": true, ""total_commands"": 99, ""turn_ratio"": 0.2929, ""moves_per_cell"": 11.6667}"
IncrementalAStar,default,0,168,256,54,281,181,17.5851,62,117,False,,0.6562,0.3918,1.6726,0.0485,"{""phase_name"": ""Phase1_Exploration"", ""moves"": 214, ""turns"": 136, ""cells_visited"": 152, ""time_seconds"": 13.9116, ""walls_found"": 115, ""replan_count"": 61, ""reached_target"": true, ""total_commands"": 350, ""turn_ratio"": 0.3886, ""moves_per_cell"": 1.4079}","{""phase_name"": ""Phase2_ReverseExploration"", ""moves"": 54, ""turns"": 34, ""cells_visited"": 12, ""time_seconds"": 2.9547, ""walls_found"": 2, ""replan_count"": 1, ""reached_target"": true, ""total_commands"": 88, ""turn_ratio"": 0.3864, ""moves_per_cell"": 4.5}","{""phase_name"": ""SpeedRun"", ""moves"": 13, ""turns"": 11, ""cells_visited"": 3, ""time_seconds"": 0.7188, ""walls_found"": 0, ""replan_count"": 0, ""reached_target"": false, ""total_commands"": 24, ""turn_ratio"": 0.4583, ""moves_per_cell"": 4.3333}"
IncrementalAStar,default,0,207,256,88,271,182,20.1344,82,142,False,,0.8086,0.4018,1.3092,0.0754,"{""phase_name"": ""Phase1_Exploration"", ""moves"": 134, ""turns"": 90, ""cells_visited"": 117, ""time_seconds"": 11.6988, ""walls_found"": 89, ""replan_count"": 51, ""reached_target"": true, ""total_commands"": 224, ""turn_ratio"": 0.4018, ""moves_per_cell"": 1.1453}","{""phase_name"": ""Phase2_ReverseExploration"", ""moves"": 118, ""turns"": 82, ""cells_visited"": 88, ""time_seconds"": 7.459, ""walls_found"": 53, ""replan_count"": 31, ""reached_target"": true, ""total_commands"": 200, ""turn_ratio"": 0.41, ""moves_per_cell"": 1.3409}","{""phase_name"": ""SpeedRun"", ""moves"": 19, ""turns"": 10, ""cells_visited"": 1, ""time_seconds"": 0.9766, ""walls_found"": 0, ""replan_count"": 0, ""reached_target"": false, ""total_commands"": 29, ""turn_ratio"": 0.3448, ""moves_per_cell"": 19.0}"
IncrementalAStar,default,0,207,256,88,271,182,18.0617,82,142,False,,0.8086,0.4018,1.3092,0.0754,"{""phase_name"": ""Phase1_Exploration"", ""moves"": 134, ""turns"": 90, ""cells_visited"": 117, ""time_seconds"": 9.5973, ""walls_found"": 89, ""replan_count"": 51, ""reached_target"": true, ""total_commands"": 224, ""turn_ratio"": 0.4018, ""moves_per_cell"": 1.1453}","{""phase_name"": ""Phase2_ReverseExploration"", ""moves"": 118, ""turns"": 82, ""cells_visited"": 88, ""time_seconds"": 7.4907, ""walls_found"": 53, ""replan_count"": 31, ""reached_target"": true, ""total_commands"": 200, ""turn_ratio"": 0.41, ""moves_per_cell"": 1.3409}","{""phase_name"": ""SpeedRun"", ""moves"": 19, ""turns"": 10, ""cells_visited"": 1, ""time_seconds"": 0.9737, ""walls_found"": 0, ""replan_count"": 0, ""reached_target"": false, ""total_commands"": 29, ""turn_ratio"": 0.3448, ""moves_per_cell"": 19.0}"
