algorithm,algorithm_version,maze_name,maze_typology,run_index,visited_cells,total_cells,final_path_length,total_moves,total_turns,elapsed_seconds,replan_count,new_walls_found,reached_goal,notes,exploration_ratio,turn_ratio,moves_per_cell,speedrun_efficiency,phase1,phase2,phase3
FloodFill,v1,1_competition,competition,0,134,256,60,234,103,23.4851,110,110,True,,0.5234,0.3056,1.7463,0.3448,"{""phase_name"": ""Phase1_Exploration"", ""moves"": 86, ""turns"": 43, ""cells_visited"": 76, ""time_seconds"": 9.893, ""walls_found"": 64, ""replan_count"": 64, ""reached_target"": true, ""total_commands"": 129, ""turn_ratio"": 0.3333, ""moves_per_cell"": 1.1316}","{""phase_name"": ""Phase2_ReverseExploration"", ""moves"": 88, ""turns"": 39, ""cells_visited"": 57, ""time_seconds"": 9.7287, ""walls_found"": 46, ""replan_count"": 46, ""reached_target"": true, ""total_commands"": 127, ""turn_ratio"": 0.3071, ""moves_per_cell"": 1.5439}","{""phase_name"": ""SpeedRun"", ""moves"": 60, ""turns"": 21, ""cells_visited"": 0, ""time_seconds"": 3.8634, ""walls_found"": 0, ""replan_count"": 0, ""reached_target"": true, ""total_commands"": 81, ""turn_ratio"": 0.2593, ""moves_per_cell"": 0.0}"
FloodFill,v1,2_competition,competition,0,204,256,104,378,179,38.5441,153,153,True,,0.7969,0.3214,1.8529,0.3796,"{""phase_name"": ""Phase1_Exploration"", ""moves"": 120, ""turns"": 50, ""cells_visited"": 112, ""time_seconds"": 14.1518, ""walls_found"": 92, ""replan_count"": 92, ""reached_target"": true, ""total_commands"": 170, ""turn_ratio"": 0.2941, ""moves_per_cell"": 1.0714}","{""phase_name"": ""Phase2_ReverseExploration"", ""moves"": 154, ""turns"": 100, ""cells_visited"": 91, ""time_seconds"": 18.8836, ""walls_found"": 61, ""replan_count"": 61, ""reached_target"": true, ""total_commands"": 254, ""turn_ratio"": 0.3937, ""moves_per_cell"": 1.6923}","{""phase_name"": ""SpeedRun"", ""moves"": 104, ""turns"": 29, ""cells_visited"": 0, ""time_seconds"": 5.5087, ""walls_found"": 0, ""replan_count"": 0, ""reached_target"": true, ""total_commands"": 133, ""turn_ratio"": 0.218, ""moves_per_cell"": 0.0}"
FloodFill,v1,3_competition,competition,0,224,256,85,357,257,38.2595,157,157,True,,0.875,0.4186,1.5938,0.3125,"{""phase_name"": ""Phase1_Exploration"", ""moves"": 131, ""turns"": 65, ""cells_visited"": 123, ""time_seconds"": 15.019, ""walls_found"": 100, ""replan_count"": 100, ""reached_target"": true, ""total_commands"": 196, ""turn_ratio"": 0.3316, ""moves_per_cell"": 1.065}","{""phase_name"": ""Phase2_ReverseExploration"", ""moves"": 141, ""turns"": 125, ""cells_visited"": 100, ""time_seconds"": 17.5014, ""walls_found"": 57, ""replan_count"": 57, ""reached_target"": true, ""total_commands"": 266, ""turn_ratio"": 0.4699, ""moves_per_cell"": 1.41}","{""phase_name"": ""SpeedRun"", ""moves"": 85, ""turns"": 67, ""cells_visited"": 0, ""time_seconds"": 5.7391, ""walls_found"": 0, ""replan_count"": 0, ""reached_target"": true, ""total_commands"": 152, ""turn_ratio"": 0.4408, ""moves_per_cell"": 0.0}"
FloodFill,v1,4_competition,competition,0,150,256,66,276,134,26.5208,120,120,True,,0.5859,0.3268,1.84,0.3143,"{""phase_name"": ""Phase1_Exploration"", ""moves"": 138, ""turns"": 66, ""cells_visited"": 122, ""time_seconds"": 14.8965, ""walls_found"": 101, ""replan_count"": 101, ""reached_target"": true, ""total_commands"": 204, ""turn_ratio"": 0.3235, ""moves_per_cell"": 1.1311}","{""phase_name"": ""Phase2_ReverseExploration"", ""moves"": 72, ""turns"": 36, ""cells_visited"": 27, ""time_seconds"": 7.8019, ""walls_found"": 19, ""replan_count"": 19, ""reached_target"": true, ""total_commands"": 108, ""turn_ratio"": 0.3333, ""moves_per_cell"": 2.6667}","{""phase_name"": ""SpeedRun"", ""moves"": 66, ""turns"": 32, ""cells_visited"": 0, ""time_seconds"": 3.8224, ""walls_found"": 0, ""replan_count"": 0, ""reached_target"": true, ""total_commands"": 98, ""turn_ratio"": 0.3265, ""moves_per_cell"": 0.0}"
FloodFill,v1,5_competition,competition,0,173,256,63,319,180,32.4049,125,125,True,,0.6758,0.3607,1.8439,0.2461,"{""phase_name"": ""Phase1_Exploration"", ""moves"": 191, ""turns"": 110, ""cells_visited"": 162, ""time_seconds"": 21.8965, ""walls_found"": 124, ""replan_count"": 124, ""reached_target"": true, ""total_commands"": 301, ""turn_ratio"": 0.3654, ""moves_per_cell"": 1.179}","{""phase_name"": ""Phase2_ReverseExploration"", ""moves"": 65, ""turns"": 36, ""cells_visited"": 10, ""time_seconds"": 6.9671, ""walls_found"": 1, ""replan_count"": 1, ""reached_target"": true, ""total_commands"": 101, ""turn_ratio"": 0.3564, ""moves_per_cell"": 6.5}","{""phase_name"": ""SpeedRun"", ""moves"": 63, ""turns"": 34, ""cells_visited"": 0, ""time_seconds"": 3.5413, ""walls_found"": 0, ""replan_count"": 0, ""reached_target"": true, ""total_commands"": 97, ""turn_ratio"": 0.3505, ""moves_per_cell"": 0.0}"
FloodFill,v1,6_competition,competition,0,90,256,61,209,99,19.9478,67,67,True,,0.3516,0.3214,2.3222,0.4122,"{""phase_name"": ""Phase1_Exploration"", ""moves"": 83, ""turns"": 39, ""cells_visited"": 74, ""time_seconds"": 9.4482, ""walls_found"": 56, ""replan_count"": 56, ""reached_target"": true, ""total_commands"": 122, ""turn_ratio"": 0.3197, ""moves_per_cell"": 1.1216}","{""phase_name"": ""Phase2_ReverseExploration"", ""moves"": 65, ""turns"": 33, ""cells_visited"": 15, ""time_seconds"": 7.079, ""walls_found"": 11, ""replan_count"": 11, ""reached_target"": true, ""total_commands"": 98, ""turn_ratio"": 0.3367, ""moves_per_cell"": 4.3333}","{""phase_name"": ""SpeedRun"", ""moves"": 61, ""turns"": 27, ""cells_visited"": 0, ""time_seconds"": 3.4206, ""walls_found"": 0, ""replan_count"": 0, ""reached_target"": true, ""total_commands"": 88, ""turn_ratio"": 0.3068, ""moves_per_cell"": 0.0}"
FloodFill,v1,7_competition,competition,0,186,256,98,424,296,43.8297,123,123,True,,0.7266,0.4111,2.2796,0.3006,"{""phase_name"": ""Phase1_Exploration"", ""moves"": 186, ""turns"": 134, ""cells_visited"": 144, ""time_seconds"": 22.0824, ""walls_found"": 99, ""replan_count"": 99, ""reached_target"": true, ""total_commands"": 320, ""turn_ratio"": 0.4188, ""moves_per_cell"": 1.2917}","{""phase_name"": ""Phase2_ReverseExploration"", ""moves"": 140, ""turns"": 104, ""cells_visited"": 41, ""time_seconds"": 15.8698, ""walls_found"": 24, ""replan_count"": 24, ""reached_target"": true, ""total_commands"": 244, ""turn_ratio"": 0.4262, ""moves_per_cell"": 3.4146}","{""phase_name"": ""SpeedRun"", ""moves"": 98, ""turns"": 58, ""cells_visited"": 0, ""time_seconds"": 5.8775, ""walls_found"": 0, ""replan_count"": 0, ""reached_target"": true, ""total_commands"": 156, ""turn_ratio"": 0.3718, ""moves_per_cell"": 0.0}"
FloodFill,v1,8_competition,competition,0,168,256,66,324,186,33.2564,116,116,True,,0.6562,0.3647,1.9286,0.2558,"{""phase_name"": ""Phase1_Exploration"", ""moves"": 174, ""turns"": 116, ""cells_visited"": 137, ""time_seconds"": 20.1863, ""walls_found"": 98, ""replan_count"": 98, ""reached_target"": true, ""total_commands"": 290, ""turn_ratio"": 0.4, ""moves_per_cell"": 1.2701}","{""phase_name"": ""Phase2_ReverseExploration"", ""moves"": 84, ""turns"": 46, ""cells_visited"": 30, ""time_seconds"": 9.2899, ""walls_found"": 18, ""replan_count"": 18, ""reached_target"": true, ""total_commands"": 130, ""turn_ratio"": 0.3538, ""moves_per_cell"": 2.8}","{""phase_name"": ""SpeedRun"", ""moves"": 66, ""turns"": 24, ""cells_visited"": 0, ""time_seconds"": 3.7802, ""walls_found"": 0, ""replan_count"": 0, ""reached_target"": true, ""total_commands"": 90, ""turn_ratio"": 0.2667, ""moves_per_cell"": 0.0}"
FloodFill,v1,9_dead_end,dead_end,0,188,256,69,311,153,31.3673,132,132,True,,0.7344,0.3297,1.6543,0.2851,"{""phase_name"": ""Phase1_Exploration"", ""moves"": 115, ""turns"": 57, ""cells_visited"": 96, ""time_seconds"": 12.9985, ""walls_found"": 67, ""replan_count"": 67, ""reached_target"": true, ""total_commands"": 172, ""turn_ratio"": 0.3314, ""moves_per_cell"": 1.1979}","{""phase_name"": ""Phase2_ReverseExploration"", ""moves"": 127, ""turns"": 69, ""cells_visited"": 91, ""time_seconds"": 14.5431, ""walls_found"": 65, ""replan_count"": 65, ""reached_target"": true, ""total_commands"": 196, ""turn_ratio"": 0.352, ""moves_per_cell"": 1.3956}","{""phase_name"": ""SpeedRun"", ""moves"": 69, ""turns"": 27, ""cells_visited"": 0, ""time_seconds"": 3.8257, ""walls_found"": 0, ""replan_count"": 0, ""reached_target"": true, ""total_commands"": 96, ""turn_ratio"": 0.2812, ""moves_per_cell"": 0.0}"
FloodFill,v1,10_dead_end,dead_end,0,184,256,43,307,137,31.8856,119,119,True,,0.7188,0.3086,1.6685,0.1629,"{""phase_name"": ""Phase1_Exploration"", ""moves"": 217, ""turns"": 107, ""cells_visited"": 160, ""time_seconds"": 24.4515, ""walls_found"": 116, ""replan_count"": 116, ""reached_target"": true, ""total_commands"": 324, ""turn_ratio"": 0.3302, ""moves_per_cell"": 1.3562}","{""phase_name"": ""Phase2_ReverseExploration"", ""moves"": 47, ""turns"": 17, ""cells_visited"": 23, ""time_seconds"": 4.8659, ""walls_found"": 3, ""replan_count"": 3, ""reached_target"": true, ""total_commands"": 64, ""turn_ratio"": 0.2656, ""moves_per_cell"": 2.0435}","{""phase_name"": ""SpeedRun"", ""moves"": 43, ""turns"": 13, ""cells_visited"": 0, ""time_seconds"": 2.5682, ""walls_found"": 0, ""replan_count"": 0, ""reached_target"": true, ""total_commands"": 56, ""turn_ratio"": 0.2321, ""moves_per_cell"": 0.0}"
FloodFill,v1,11_dead_end,dead_end,0,128,256,52,214,108,21.0537,96,96,True,,0.5,0.3354,1.6719,0.321,"{""phase_name"": ""Phase1_Exploration"", ""moves"": 68, ""turns"": 36, ""cells_visited"": 62, ""time_seconds"": 7.7551, ""walls_found"": 50, ""replan_count"": 50, ""reached_target"": true, ""total_commands"": 104, ""turn_ratio"": 0.3462, ""moves_per_cell"": 1.0968}","{""phase_name"": ""Phase2_ReverseExploration"", ""moves"": 94, ""turns"": 46, ""cells_visited"": 65, ""time_seconds"": 10.2698, ""walls_found"": 46, ""replan_count"": 46, ""reached_target"": true, ""total_commands"": 140, ""turn_ratio"": 0.3286, ""moves_per_cell"": 1.4462}","{""phase_name"": ""SpeedRun"", ""moves"": 52, ""turns"": 26, ""cells_visited"": 0, ""time_seconds"": 3.0288, ""walls_found"": 0, ""replan_count"": 0, ""reached_target"": true, ""total_commands"": 78, ""turn_ratio"": 0.3333, ""moves_per_cell"": 0.0}"
FloodFill,v1,12_multiple_path,multiple_path,0,180,256,88,342,151,31.7183,154,154,True,,0.7031,0.3063,1.9,0.3465,"{""phase_name"": ""Phase1_Exploration"", ""moves"": 156, ""turns"": 51, ""cells_visited"": 149, ""time_seconds"": 15.9977, ""walls_found"": 133, ""replan_count"": 133, ""reached_target"": true, ""total_commands"": 207, ""turn_ratio"": 0.2464, ""moves_per_cell"": 1.047}","{""phase_name"": ""Phase2_ReverseExploration"", ""moves"": 98, ""turns"": 53, ""cells_visited"": 30, ""time_seconds"": 10.4326, ""walls_found"": 21, ""replan_count"": 21, ""reached_target"": true, ""total_commands"": 151, ""turn_ratio"": 0.351, ""moves_per_cell"": 3.2667}","{""phase_name"": ""SpeedRun"", ""moves"": 88, ""turns"": 47, ""cells_visited"": 0, ""time_seconds"": 5.288, ""walls_found"": 0, ""replan_count"": 0, ""reached_target"": true, ""total_commands"": 135, ""turn_ratio"": 0.3481, ""moves_per_cell"": 0.0}"
FloodFill,v1,13_multiple_path,multiple_path,0,85,256,64,230,60,19.8694,69,69,True,,0.332,0.2069,2.7059,0.3855,"{""phase_name"": ""Phase1_Exploration"", ""moves"": 82, ""turns"": 20, ""cells_visited"": 73, ""time_seconds"": 8.0865, ""walls_found"": 65, ""replan_count"": 65, ""reached_target"": true, ""total_commands"": 102, ""turn_ratio"": 0.1961, ""moves_per_cell"": 1.1233}","{""phase_name"": ""Phase2_ReverseExploration"", ""moves"": 84, ""turns"": 24, ""cells_visited"": 11, ""time_seconds"": 8.5162, ""walls_found"": 4, ""replan_count"": 4, ""reached_target"": true, ""total_commands"": 108, ""turn_ratio"": 0.2222, ""moves_per_cell"": 7.6364}","{""phase_name"": ""SpeedRun"", ""moves"": 64, ""turns"": 16, ""cells_visited"": 0, ""time_seconds"": 3.2667, ""walls_found"": 0, ""replan_count"": 0, ""reached_target"": true, ""total_commands"": 80, ""turn_ratio"": 0.2, ""moves_per_cell"": 0.0}"
FloodFill,v1,14_multiple_path,multiple_path,0,144,256,64,236,62,20.6837,123,123,True,,0.5625,0.2081,1.6389,0.3721,"{""phase_name"": ""Phase1_Exploration"", ""moves"": 82, ""turns"": 20, ""cells_visited"": 73, ""time_seconds"": 8.1545, ""walls_found"": 64, ""replan_count"": 64, ""reached_target"": true, ""total_commands"": 102, ""turn_ratio"": 0.1961, ""moves_per_cell"": 1.1233}","{""phase_name"": ""Phase2_ReverseExploration"", ""moves"": 90, ""turns"": 26, ""cells_visited"": 70, ""time_seconds"": 9.0807, ""walls_found"": 59, ""replan_count"": 59, ""reached_target"": true, ""total_commands"": 116, ""turn_ratio"": 0.2241, ""moves_per_cell"": 1.2857}","{""phase_name"": ""SpeedRun"", ""moves"": 64, ""turns"": 16, ""cells_visited"": 0, ""time_seconds"": 3.4485, ""walls_found"": 0, ""replan_count"": 0, ""reached_target"": true, ""total_commands"": 80, ""turn_ratio"": 0.2, ""moves_per_cell"": 0.0}"
FloodFill,v1,15_open_area,open_area,0,66,256,42,132,38,11.9264,39,39,True,,0.2578,0.2235,2.0,0.4667,"{""phase_name"": ""Phase1_Exploration"", ""moves"": 44, ""turns"": 12, ""cells_visited"": 43, ""time_seconds"": 5.0842, ""walls_found"": 30, ""replan_count"": 30, ""reached_target"": true, ""total_commands"": 56, ""turn_ratio"": 0.2143, ""moves_per_cell"": 1.0233}","{""phase_name"": ""Phase2_ReverseExploration"", ""moves"": 46, ""turns"": 14, ""cells_visited"": 22, ""time_seconds"": 4.682, ""walls_found"": 9, ""replan_count"": 9, ""reached_target"": true, ""total_commands"": 60, ""turn_ratio"": 0.2333, ""moves_per_cell"": 2.0909}","{""phase_name"": ""SpeedRun"", ""moves"": 42, ""turns"": 12, ""cells_visited"": 0, ""time_seconds"": 2.1602, ""walls_found"": 0, ""replan_count"": 0, ""reached_target"": true, ""total_commands"": 54, ""turn_ratio"": 0.2222, ""moves_per_cell"": 0.0}"
FloodFill,v1,16_open_area,open_area,0,68,256,48,164,48,14.7187,40,40,True,,0.2656,0.2264,2.4118,0.4138,"{""phase_name"": ""Phase1_Exploration"", ""moves"": 50, ""turns"": 14, ""cells_visited"": 49, ""time_seconds"": 5.332, ""walls_found"": 33, ""replan_count"": 33, ""reached_target"": true, ""total_commands"": 64, ""turn_ratio"": 0.2188, ""moves_per_cell"": 1.0204}","{""phase_name"": ""Phase2_ReverseExploration"", ""moves"": 66, ""turns"": 20, ""cells_visited"": 18, ""time_seconds"": 6.7476, ""walls_found"": 7, ""replan_count"": 7, ""reached_target"": true, ""total_commands"": 86, ""turn_ratio"": 0.2326, ""moves_per_cell"": 3.6667}","{""phase_name"": ""SpeedRun"", ""moves"": 48, ""turns"": 14, ""cells_visited"": 0, ""time_seconds"": 2.6391, ""walls_found"": 0, ""replan_count"": 0, ""reached_target"": true, ""total_commands"": 62, ""turn_ratio"": 0.2258, ""moves_per_cell"": 0.0}"
FloodFill,v1,17_open_area,open_area,0,76,256,27,123,43,12.1523,41,41,True,,0.2969,0.259,1.6184,0.2812,"{""phase_name"": ""Phase1_Exploration"", ""moves"": 61, ""turns"": 23, ""cells_visited"": 57, ""time_seconds"": 6.9277, ""walls_found"": 33, ""replan_count"": 33, ""reached_target"": true, ""total_commands"": 84, ""turn_ratio"": 0.2738, ""moves_per_cell"": 1.0702}","{""phase_name"": ""Phase2_ReverseExploration"", ""moves"": 35, ""turns"": 12, ""cells_visited"": 18, ""time_seconds"": 3.7314, ""walls_found"": 8, ""replan_count"": 8, ""reached_target"": true, ""total_commands"": 47, ""turn_ratio"": 0.2553, ""moves_per_cell"": 1.9444}","{""phase_name"": ""SpeedRun"", ""moves"": 27, ""turns"": 8, ""cells_visited"": 0, ""time_seconds"": 1.4932, ""walls_found"": 0, ""replan_count"": 0, ""reached_target"": true, ""total_commands"": 35, ""turn_ratio"": 0.2286, ""moves_per_cell"": 0.0}"
FloodFill,v1,18_symmetric,symmetric,0,146,256,56,246,78,23.35,129,129,True,,0.5703,0.2407,1.6849,0.2947,"{""phase_name"": ""Phase1_Exploration"", ""moves"": 114, ""turns"": 28, ""cells_visited"": 106, ""time_seconds"": 12.2414, ""walls_found"": 93, ""replan_count"": 93, ""reached_target"": true, ""total_commands"": 142, ""turn_ratio"": 0.1972, ""moves_per_cell"": 1.0755}","{""phase_name"": ""Phase2_ReverseExploration"", ""moves"": 76, ""turns"": 28, ""cells_visited"": 39, ""time_seconds"": 7.9817, ""walls_found"": 36, ""replan_count"": 36, ""reached_target"": true, ""total_commands"": 104, ""turn_ratio"": 0.2692, ""moves_per_cell"": 1.9487}","{""phase_name"": ""SpeedRun"", ""moves"": 56, ""turns"": 22, ""cells_visited"": 0, ""time_seconds"": 3.1269, ""walls_found"": 0, ""replan_count"": 0, ""reached_target"": true, ""total_commands"": 78, ""turn_ratio"": 0.2821, ""moves_per_cell"": 0.0}"
FloodFill,v1,19_symmetric,symmetric,0,139,256,54,234,75,21.2814,96,96,True,,0.543,0.2427,1.6835,0.3,"{""phase_name"": ""Phase1_Exploration"", ""moves"": 116, ""turns"": 29, ""cells_visited"": 97, ""time_seconds"": 11.7198, ""walls_found"": 67, ""replan_count"": 67, ""reached_target"": true, ""total_commands"": 145, ""turn_ratio"": 0.2, ""moves_per_cell"": 1.1959}","{""phase_name"": ""Phase2_ReverseExploration"", ""moves"": 64, ""turns"": 27, ""cells_visited"": 41, ""time_seconds"": 6.6959, ""walls_found"": 29, ""replan_count"": 29, ""reached_target"": true, ""total_commands"": 91, ""turn_ratio"": 0.2967, ""moves_per_cell"": 1.561}","{""phase_name"": ""SpeedRun"", ""moves"": 54, ""turns"": 19, ""cells_visited"": 0, ""time_seconds"": 2.8657, ""walls_found"": 0, ""replan_count"": 0, ""reached_target"": true, ""total_commands"": 73, ""turn_ratio"": 0.2603, ""moves_per_cell"": 0.0}"
FloodFill,v1,20_symmetric,symmetric,0,133,256,36,204,71,19.9991,90,90,True,,0.5195,0.2582,1.5338,0.2143,"{""phase_name"": ""Phase1_Exploration"", ""moves"": 122, ""turns"": 35, ""cells_visited"": 100, ""time_seconds"": 12.8677, ""walls_found"": 69, ""replan_count"": 69, ""reached_target"": true, ""total_commands"": 157, ""turn_ratio"": 0.2229, ""moves_per_cell"": 1.22}","{""phase_name"": ""Phase2_ReverseExploration"", ""moves"": 46, ""turns"": 22, ""cells_visited"": 32, ""time_seconds"": 5.1198, ""walls_found"": 21, ""replan_count"": 21, ""reached_target"": true, ""total_commands"": 68, ""turn_ratio"": 0.3235, ""moves_per_cell"": 1.4375}","{""phase_name"": ""SpeedRun"", ""moves"": 36, ""turns"": 14, ""cells_visited"": 0, ""time_seconds"": 2.0116, ""walls_found"": 0, ""replan_count"": 0, ""reached_target"": true, ""total_commands"": 50, ""turn_ratio"": 0.28, ""moves_per_cell"": 0.0}"
IncrementalAStar,v1,1_competition,competition,0,109,256,52,182,83,16.7919,47,89,True,,0.4258,0.3132,1.6697,0.4,"{""phase_name"": ""Phase1_Exploration"", ""moves"": 70, ""turns"": 37, ""cells_visited"": 63, ""time_seconds"": 7.6245, ""walls_found"": 53, ""replan_count"": 27, ""reached_target"": true, ""total_commands"": 107, ""turn_ratio"": 0.3458, ""moves_per_cell"": 1.1111}","{""phase_name"": ""Phase2_ReverseExploration"", ""moves"": 60, ""turns"": 27, ""cells_visited"": 45, ""time_seconds"": 6.2843, ""walls_found"": 36, ""replan_count"": 20, ""reached_target"": true, ""total_commands"": 87, ""turn_ratio"": 0.3103, ""moves_per_cell"": 1.3333}","{""phase_name"": ""SpeedRun"", ""moves"": 52, ""turns"": 19, ""cells_visited"": 0, ""time_seconds"": 2.8831, ""walls_found"": 0, ""replan_count"": 0, ""reached_target"": true, ""total_commands"": 71, ""turn_ratio"": 0.2676, ""moves_per_cell"": 0.0}"
IncrementalAStar,v1,2_competition,competition,0,188,256,104,370,167,33.2457,81,140,True,,0.7344,0.311,1.9681,0.391,"{""phase_name"": ""Phase1_Exploration"", ""moves"": 114, ""turns"": 39, ""cells_visited"": 109, ""time_seconds"": 10.7327, ""walls_found"": 93, ""replan_count"": 57, ""reached_target"": true, ""total_commands"": 153, ""turn_ratio"": 0.2549, ""moves_per_cell"": 1.0459}","{""phase_name"": ""Phase2_ReverseExploration"", ""moves"": 152, ""turns"": 99, ""cells_visited"": 78, ""time_seconds"": 16.9001, ""walls_found"": 47, ""replan_count"": 24, ""reached_target"": true, ""total_commands"": 251, ""turn_ratio"": 0.3944, ""moves_per_cell"": 1.9487}","{""phase_name"": ""SpeedRun"", ""moves"": 104, ""turns"": 29, ""cells_visited"": 0, ""time_seconds"": 5.6129, ""walls_found"": 0, ""replan_count"": 0, ""reached_target"": true, ""total_commands"": 133, ""turn_ratio"": 0.218, ""moves_per_cell"": 0.0}"
IncrementalAStar,v1,3_competition,competition,0,212,256,86,330,239,32.4376,93,148,True,,0.8281,0.42,1.5566,0.3525,"{""phase_name"": ""Phase1_Exploration"", ""moves"": 122, ""turns"": 63, ""cells_visited"": 116, ""time_seconds"": 12.4453, ""walls_found"": 89, ""replan_count"": 57, ""reached_target"": true, ""total_commands"": 185, ""turn_ratio"": 0.3405, ""moves_per_cell"": 1.0517}","{""phase_name"": ""Phase2_ReverseExploration"", ""moves"": 122, ""turns"": 107, ""cells_visited"": 95, ""time_seconds"": 14.3208, ""walls_found"": 59, ""replan_count"": 36, ""reached_target"": true, ""total_commands"": 229, ""turn_ratio"": 0.4672, ""moves_per_cell"": 1.2842}","{""phase_name"": ""SpeedRun"", ""moves"": 86, ""turns"": 69, ""cells_visited"": 0, ""time_seconds"": 5.6715, ""walls_found"": 0, ""replan_count"": 0, ""reached_target"": true, ""total_commands"": 155, ""turn_ratio"": 0.4452, ""moves_per_cell"": 0.0}"
IncrementalAStar,v1,4_competition,competition,0,156,256,66,290,154,27.989,74,119,True,,0.6094,0.3468,1.859,0.2946,"{""phase_name"": ""Phase1_Exploration"", ""moves"": 68, ""turns"": 34, ""cells_visited"": 67, ""time_seconds"": 6.8704, ""walls_found"": 59, ""replan_count"": 33, ""reached_target"": true, ""total_commands"": 102, ""turn_ratio"": 0.3333, ""moves_per_cell"": 1.0149}","{""phase_name"": ""Phase2_ReverseExploration"", ""moves"": 156, ""turns"": 88, ""cells_visited"": 88, ""time_seconds"": 17.1795, ""walls_found"": 60, ""replan_count"": 41, ""reached_target"": true, ""total_commands"": 244, ""turn_ratio"": 0.3607, ""moves_per_cell"": 1.7727}","{""phase_name"": ""SpeedRun"", ""moves"": 66, ""turns"": 32, ""cells_visited"": 0, ""time_seconds"": 3.9391, ""walls_found"": 0, ""replan_count"": 0, ""reached_target"": true, ""total_commands"": 98, ""turn_ratio"": 0.3265, ""moves_per_cell"": 0.0}"
IncrementalAStar,v1,5_competition,competition,0,169,256,63,315,178,30.6902,66,128,True,,0.6602,0.3611,1.8639,0.25,"{""phase_name"": ""Phase1_Exploration"", ""moves"": 187, ""turns"": 108, ""cells_visited"": 160, ""time_seconds"": 19.8689, ""walls_found"": 127, ""replan_count"": 65, ""reached_target"": true, ""total_commands"": 295, ""turn_ratio"": 0.3661, ""moves_per_cell"": 1.1687}","{""phase_name"": ""Phase2_ReverseExploration"", ""moves"": 65, ""turns"": 36, ""cells_visited"": 8, ""time_seconds"": 6.8876, ""walls_found"": 1, ""replan_count"": 1, ""reached_target"": true, ""total_commands"": 101, ""turn_ratio"": 0.3564, ""moves_per_cell"": 8.125}","{""phase_name"": ""SpeedRun"", ""moves"": 63, ""turns"": 34, ""cells_visited"": 0, ""time_seconds"": 3.9337, ""walls_found"": 0, ""replan_count"": 0, ""reached_target"": true, ""total_commands"": 97, ""turn_ratio"": 0.3505, ""moves_per_cell"": 0.0}"
IncrementalAStar,v1,6_competition,competition,0,90,256,61,205,99,18.4951,37,66,True,,0.3516,0.3257,2.2778,0.4236,"{""phase_name"": ""Phase1_Exploration"", ""moves"": 81, ""turns"": 43, ""cells_visited"": 74, ""time_seconds"": 8.296, ""walls_found"": 55, ""replan_count"": 32, ""reached_target"": true, ""total_commands"": 124, ""turn_ratio"": 0.3468, ""moves_per_cell"": 1.0946}","{""phase_name"": ""Phase2_ReverseExploration"", ""moves"": 63, ""turns"": 29, ""cells_visited"": 15, ""time_seconds"": 6.706, ""walls_found"": 11, ""replan_count"": 5, ""reached_target"": true, ""total_commands"": 92, ""turn_ratio"": 0.3152, ""moves_per_cell"": 4.2}","{""phase_name"": ""SpeedRun"", ""moves"": 61, ""turns"": 27, ""cells_visited"": 0, ""time_seconds"": 3.4931, ""walls_found"": 0, ""replan_count"": 0, ""reached_target"": true, ""total_commands"": 88, ""turn_ratio"": 0.3068, ""moves_per_cell"": 0.0}"
IncrementalAStar,v1,7_competition,competition,0,166,256,98,410,290,40.853,68,113,True,,0.6484,0.4143,2.4699,0.3141,"{""phase_name"": ""Phase1_Exploration"", ""moves"": 194, ""turns"": 158, ""cells_visited"": 149, ""time_seconds"": 22.1876, ""walls_found"": 105, ""replan_count"": 63, ""reached_target"": true, ""total_commands"": 352, ""turn_ratio"": 0.4489, ""moves_per_cell"": 1.302}","{""phase_name"": ""Phase2_ReverseExploration"", ""moves"": 118, ""turns"": 74, ""cells_visited"": 16, ""time_seconds"": 12.7483, ""walls_found"": 8, ""replan_count"": 5, ""reached_target"": true, ""total_commands"": 192, ""turn_ratio"": 0.3854, ""moves_per_cell"": 7.375}","{""phase_name"": ""SpeedRun"", ""moves"": 98, ""turns"": 58, ""cells_visited"": 0, ""time_seconds"": 5.9171, ""walls_found"": 0, ""replan_count"": 0, ""reached_target"": true, ""total_commands"": 156, ""turn_ratio"": 0.3718, ""moves_per_cell"": 0.0}"
IncrementalAStar,v1,8_competition,competition,0,159,256,66,312,178,30.4018,70,110,True,,0.6211,0.3633,1.9623,0.2683,"{""phase_name"": ""Phase1_Exploration"", ""moves"": 162, ""turns"": 108, ""cells_visited"": 123, ""time_seconds"": 17.6422, ""walls_found"": 89, ""replan_count"": 60, ""reached_target"": true, ""total_commands"": 270, ""turn_ratio"": 0.4, ""moves_per_cell"": 1.3171}","{""phase_name"": ""Phase2_ReverseExploration"", ""moves"": 84, ""turns"": 46, ""cells_visited"": 35, ""time_seconds"": 9.0378, ""walls_found"": 21, ""replan_count"": 10, ""reached_target"": true, ""total_commands"": 130, ""turn_ratio"": 0.3538, ""moves_per_cell"": 2.4}","{""phase_name"": ""SpeedRun"", ""moves"": 66, ""turns"": 24, ""cells_visited"": 0, ""time_seconds"": 3.7218, ""walls_found"": 0, ""replan_count"": 0, ""reached_target"": true, ""total_commands"": 90, ""turn_ratio"": 0.2667, ""moves_per_cell"": 0.0}"
IncrementalAStar,v1,9_dead_end,dead_end,0,163,256,69,275,125,24.9267,71,116,True,,0.6367,0.3125,1.6871,0.335,"{""phase_name"": ""Phase1_Exploration"", ""moves"": 127, ""turns"": 65, ""cells_visited"": 103, ""time_seconds"": 12.7631, ""walls_found"": 77, ""replan_count"": 51, ""reached_target"": true, ""total_commands"": 192, ""turn_ratio"": 0.3385, ""moves_per_cell"": 1.233}","{""phase_name"": ""Phase2_ReverseExploration"", ""moves"": 79, ""turns"": 33, ""cells_visited"": 59, ""time_seconds"": 8.226, ""walls_found"": 39, ""replan_count"": 20, ""reached_target"": true, ""total_commands"": 112, ""turn_ratio"": 0.2946, ""moves_per_cell"": 1.339}","{""phase_name"": ""SpeedRun"", ""moves"": 69, ""turns"": 27, ""cells_visited"": 0, ""time_seconds"": 3.9376, ""walls_found"": 0, ""replan_count"": 0, ""reached_target"": true, ""total_commands"": 96, ""turn_ratio"": 0.2812, ""moves_per_cell"": 0.0}"
IncrementalAStar,v1,10_dead_end,dead_end,0,192,256,43,313,153,30.2087,82,125,True,,0.75,0.3283,1.6302,0.1593,"{""phase_name"": ""Phase1_Exploration"", ""moves"": 211, ""turns"": 113, ""cells_visited"": 157, ""time_seconds"": 21.6711, ""walls_found"": 114, ""replan_count"": 76, ""reached_target"": true, ""total_commands"": 324, ""turn_ratio"": 0.3488, ""moves_per_cell"": 1.3439}","{""phase_name"": ""Phase2_ReverseExploration"", ""moves"": 59, ""turns"": 25, ""cells_visited"": 34, ""time_seconds"": 6.1143, ""walls_found"": 11, ""replan_count"": 6, ""reached_target"": true, ""total_commands"": 84, ""turn_ratio"": 0.2976, ""moves_per_cell"": 1.7353}","{""phase_name"": ""SpeedRun"", ""moves"": 43, ""turns"": 15, ""cells_visited"": 0, ""time_seconds"": 2.4233, ""walls_found"": 0, ""replan_count"": 0, ""reached_target"": true, ""total_commands"": 58, ""turn_ratio"": 0.2586, ""moves_per_cell"": 0.0}"
IncrementalAStar,v1,11_dead_end,dead_end,0,79,256,48,174,94,16.0242,36,67,True,,0.3086,0.3507,2.2025,0.381,"{""phase_name"": ""Phase1_Exploration"", ""moves"": 60, ""turns"": 30, ""cells_visited"": 57, ""time_seconds"": 6.1194, ""walls_found"": 48, ""replan_count"": 25, ""reached_target"": true, ""total_commands"": 90, ""turn_ratio"": 0.3333, ""moves_per_cell"": 1.0526}","{""phase_name"": ""Phase2_ReverseExploration"", ""moves"": 66, ""turns"": 38, ""cells_visited"": 21, ""time_seconds"": 7.0871, ""walls_found"": 19, ""replan_count"": 11, ""reached_target"": true, ""total_commands"": 104, ""turn_ratio"": 0.3654, ""moves_per_cell"": 3.1429}","{""phase_name"": ""SpeedRun"", ""moves"": 48, ""turns"": 26, ""cells_visited"": 0, ""time_seconds"": 2.8177, ""walls_found"": 0, ""replan_count"": 0, ""reached_target"": true, ""total_commands"": 74, ""turn_ratio"": 0.3514, ""moves_per_cell"": 0.0}"
IncrementalAStar,v1,12_multiple_path,multiple_path,0,212,256,86,376,165,33.5205,129,171,True,,0.8281,0.305,1.7736,0.2966,"{""phase_name"": ""Phase1_Exploration"", ""moves"": 192, ""turns"": 77, ""cells_visited"": 183, ""time_seconds"": 18.0462, ""walls_found"": 156, ""replan_count"": 117, ""reached_target"": true, ""total_commands"": 269, ""turn_ratio"": 0.2862, ""moves_per_cell"": 1.0492}","{""phase_name"": ""Phase2_ReverseExploration"", ""moves"": 98, ""turns"": 49, ""cells_visited"": 28, ""time_seconds"": 10.5191, ""walls_found"": 15, ""replan_count"": 12, ""reached_target"": true, ""total_commands"": 147, ""turn_ratio"": 0.3333, ""moves_per_cell"": 3.5}","{""phase_name"": ""SpeedRun"", ""moves"": 86, ""turns"": 39, ""cells_visited"": 0, ""time_seconds"": 4.9552, ""walls_found"": 0, ""replan_count"": 0, ""reached_target"": true, ""total_commands"": 125, ""turn_ratio"": 0.312, ""moves_per_cell"": 0.0}"
IncrementalAStar,v1,13_multiple_path,multiple_path,0,144,256,64,298,92,25.5538,92,121,True,,0.5625,0.2359,2.0694,0.2735,"{""phase_name"": ""Phase1_Exploration"", ""moves"": 170, ""turns"": 60, ""cells_visited"": 143, ""time_seconds"": 15.7492, ""walls_found"": 120, ""replan_count"": 91, ""reached_target"": true, ""total_commands"": 230, ""turn_ratio"": 0.2609, ""moves_per_cell"": 1.1888}","{""phase_name"": ""Phase2_ReverseExploration"", ""moves"": 64, ""turns"": 16, ""cells_visited"": 0, ""time_seconds"": 6.4134, ""walls_found"": 1, ""replan_count"": 1, ""reached_target"": true, ""total_commands"": 80, ""turn_ratio"": 0.2, ""moves_per_cell"": 0.0}","{""phase_name"": ""SpeedRun"", ""moves"": 64, ""turns"": 16, ""cells_visited"": 0, ""time_seconds"": 3.3912, ""walls_found"": 0, ""replan_count"": 0, ""reached_target"": true, ""total_commands"": 80, ""turn_ratio"": 0.2, ""moves_per_cell"": 0.0}"
IncrementalAStar,v1,14_multiple_path,multiple_path,0,207,256,64,308,86,25.6354,123,174,True,,0.8086,0.2183,1.4879,0.2623,"{""phase_name"": ""Phase1_Exploration"", ""moves"": 158, ""turns"": 46, ""cells_visited"": 137, ""time_seconds"": 14.3499, ""walls_found"": 117, ""replan_count"": 88, ""reached_target"": true, ""total_commands"": 204, ""turn_ratio"": 0.2255, ""moves_per_cell"": 1.1533}","{""phase_name"": ""Phase2_ReverseExploration"", ""moves"": 86, ""turns"": 24, ""cells_visited"": 69, ""time_seconds"": 7.9016, ""walls_found"": 57, ""replan_count"": 35, ""reached_target"": true, ""total_commands"": 110, ""turn_ratio"": 0.2182, ""moves_per_cell"": 1.2464}","{""phase_name"": ""SpeedRun"", ""moves"": 64, ""turns"": 16, ""cells_visited"": 0, ""time_seconds"": 3.3839, ""walls_found"": 0, ""replan_count"": 0, ""reached_target"": true, ""total_commands"": 80, ""turn_ratio"": 0.2, ""moves_per_cell"": 0.0}"
IncrementalAStar,v1,15_open_area,open_area,0,85,256,42,160,38,14.037,29,41,True,,0.332,0.1919,1.8824,0.3559,"{""phase_name"": ""Phase1_Exploration"", ""moves"": 76, ""turns"": 22, ""cells_visited"": 70, ""time_seconds"": 7.1358, ""walls_found"": 37, ""replan_count"": 29, ""reached_target"": true, ""total_commands"": 98, ""turn_ratio"": 0.2245, ""moves_per_cell"": 1.0857}","{""phase_name"": ""Phase2_ReverseExploration"", ""moves"": 42, ""turns"": 8, ""cells_visited"": 14, ""time_seconds"": 4.3533, ""walls_found"": 4, ""replan_count"": 0, ""reached_target"": true, ""total_commands"": 50, ""turn_ratio"": 0.16, ""moves_per_cell"": 3.0}","{""phase_name"": ""SpeedRun"", ""moves"": 42, ""turns"": 8, ""cells_visited"": 0, ""time_seconds"": 2.5479, ""walls_found"": 0, ""replan_count"": 0, ""reached_target"": true, ""total_commands"": 50, ""turn_ratio"": 0.16, ""moves_per_cell"": 0.0}"
IncrementalAStar,v1,16_open_area,open_area,0,73,256,48,176,50,15.9221,27,44,True,,0.2852,0.2212,2.411,0.375,"{""phase_name"": ""Phase1_Exploration"", ""moves"": 80, ""turns"": 26, ""cells_visited"": 64, ""time_seconds"": 7.9971, ""walls_found"": 40, ""replan_count"": 26, ""reached_target"": true, ""total_commands"": 106, ""turn_ratio"": 0.2453, ""moves_per_cell"": 1.25}","{""phase_name"": ""Phase2_ReverseExploration"", ""moves"": 48, ""turns"": 12, ""cells_visited"": 8, ""time_seconds"": 5.3349, ""walls_found"": 4, ""replan_count"": 1, ""reached_target"": true, ""total_commands"": 60, ""turn_ratio"": 0.2, ""moves_per_cell"": 6.0}","{""phase_name"": ""SpeedRun"", ""moves"": 48, ""turns"": 12, ""cells_visited"": 0, ""time_seconds"": 2.5901, ""walls_found"": 0, ""replan_count"": 0, ""reached_target"": true, ""total_commands"": 60, ""turn_ratio"": 0.2, ""moves_per_cell"": 0.0}"
IncrementalAStar,v1,17_open_area,open_area,0,69,256,27,123,49,11.5582,31,38,True,,0.2695,0.2849,1.7826,0.2812,"{""phase_name"": ""Phase1_Exploration"", ""moves"": 61, ""turns"": 23, ""cells_visited"": 57, ""time_seconds"": 6.2505, ""walls_found"": 33, ""replan_count"": 27, ""reached_target"": true, ""total_commands"": 84, ""turn_ratio"": 0.2738, ""moves_per_cell"": 1.0702}","{""phase_name"": ""Phase2_ReverseExploration"", ""moves"": 35, ""turns"": 14, ""cells_visited"": 11, ""time_seconds"": 3.6685, ""walls_found"": 5, ""replan_count"": 4, ""reached_target"": true, ""total_commands"": 49, ""turn_ratio"": 0.2857, ""moves_per_cell"": 3.1818}","{""phase_name"": ""SpeedRun"", ""moves"": 27, ""turns"": 12, ""cells_visited"": 0, ""time_seconds"": 1.6392, ""walls_found"": 0, ""replan_count"": 0, ""reached_target"": true, ""total_commands"": 39, ""turn_ratio"": 0.3077, ""moves_per_cell"": 0.0}"
IncrementalAStar,v1,18_symmetric,symmetric,0,158,256,76,276,84,22.7935,93,132,True,,0.6172,0.2333,1.7468,0.38,"{""phase_name"": ""Phase1_Exploration"", ""moves"": 114, ""turns"": 28, ""cells_visited"": 105, ""time_seconds"": 10.2321, ""walls_found"": 92, ""replan_count"": 69, ""reached_target"": true, ""total_commands"": 142, ""turn_ratio"": 0.1972, ""moves_per_cell"": 1.0857}","{""phase_name"": ""Phase2_ReverseExploration"", ""moves"": 86, ""turns"": 30, ""cells_visited"": 52, ""time_seconds"": 8.5315, ""walls_found"": 40, ""replan_count"": 24, ""reached_target"": true, ""total_commands"": 116, ""turn_ratio"": 0.2586, ""moves_per_cell"": 1.6538}","{""phase_name"": ""SpeedRun"", ""moves"": 76, ""turns"": 26, ""cells_visited"": 0, ""time_seconds"": 4.0299, ""walls_found"": 0, ""replan_count"": 0, ""reached_target"": true, ""total_commands"": 102, ""turn_ratio"": 0.2549, ""moves_per_cell"": 0.0}"
IncrementalAStar,v1,19_symmetric,symmetric,0,147,256,54,248,87,22.2363,63,107,True,,0.5742,0.2597,1.6871,0.2784,"{""phase_name"": ""Phase1_Exploration"", ""moves"": 124, ""turns"": 35, ""cells_visited"": 103, ""time_seconds"": 11.8993, ""walls_found"": 74, ""replan_count"": 43, ""reached_target"": true, ""total_commands"": 159, ""turn_ratio"": 0.2201, ""moves_per_cell"": 1.2039}","{""phase_name"": ""Phase2_ReverseExploration"", ""moves"": 70, ""turns"": 33, ""cells_visited"": 43, ""time_seconds"": 7.3681, ""walls_found"": 33, ""replan_count"": 20, ""reached_target"": true, ""total_commands"": 103, ""turn_ratio"": 0.3204, ""moves_per_cell"": 1.6279}","{""phase_name"": ""SpeedRun"", ""moves"": 54, ""turns"": 19, ""cells_visited"": 0, ""time_seconds"": 2.9689, ""walls_found"": 0, ""replan_count"": 0, ""reached_target"": true, ""total_commands"": 73, ""turn_ratio"": 0.2603, ""moves_per_cell"": 0.0}"
IncrementalAStar,v1,20_symmetric,symmetric,0,114,256,36,210,75,19.3298,49,83,True,,0.4453,0.2632,1.8421,0.2069,"{""phase_name"": ""Phase1_Exploration"", ""moves"": 130, ""turns"": 41, ""cells_visited"": 103, ""time_seconds"": 12.8479, ""walls_found"": 75, ""replan_count"": 44, ""reached_target"": true, ""total_commands"": 171, ""turn_ratio"": 0.2398, ""moves_per_cell"": 1.2621}","{""phase_name"": ""Phase2_ReverseExploration"", ""moves"": 44, ""turns"": 20, ""cells_visited"": 10, ""time_seconds"": 4.517, ""walls_found"": 8, ""replan_count"": 5, ""reached_target"": true, ""total_commands"": 64, ""turn_ratio"": 0.3125, ""moves_per_cell"": 4.4}","{""phase_name"": ""SpeedRun"", ""moves"": 36, ""turns"": 14, ""cells_visited"": 0, ""time_seconds"": 1.9649, ""walls_found"": 0, ""replan_count"": 0, ""reached_target"": true, ""total_commands"": 50, ""turn_ratio"": 0.28, ""moves_per_cell"": 0.0}"
