algorithm,algorithm_version,maze_name,maze_typology,run_index,visited_cells,total_cells,final_path_length,total_moves,total_turns,elapsed_seconds,replan_count,new_walls_found,reached_goal,notes,exploration_ratio,turn_ratio,moves_per_cell,speedrun_efficiency,phase1,phase2,phase3
FloodFill,v2,1_competition,competition,0,136,256,60,240,111,12.6459,112,112,True,,0.5312,0.3162,1.7647,0.3333,"{""phase_name"": ""Phase1_Exploration"", ""moves"": 86, ""turns"": 43, ""cells_visited"": 76, ""time_seconds"": 5.7407, ""walls_found"": 64, ""replan_count"": 64, ""reached_target"": true, ""total_commands"": 129, ""turn_ratio"": 0.3333, ""moves_per_cell"": 1.1316}","{""phase_name"": ""Phase2_ReverseExploration"", ""moves"": 94, ""turns"": 47, ""cells_visited"": 59, ""time_seconds"": 4.9036, ""walls_found"": 48, ""replan_count"": 48, ""reached_target"": true, ""total_commands"": 141, ""turn_ratio"": 0.3333, ""moves_per_cell"": 1.5932}","{""phase_name"": ""SpeedRun"", ""moves"": 60, ""turns"": 21, ""cells_visited"": 0, ""time_seconds"": 2.0016, ""walls_found"": 0, ""replan_count"": 0, ""reached_target"": true, ""total_commands"": 81, ""turn_ratio"": 0.2593, ""moves_per_cell"": 0.0}"
FloodFill,v2,2_competition,competition,0,184,256,104,360,160,40.065,145,145,True,,0.7188,0.3077,1.9565,0.4062,"{""phase_name"": ""Phase1_Exploration"", ""moves"": 120, ""turns"": 50, ""cells_visited"": 112, ""time_seconds"": 17.58, ""walls_found"": 92, ""replan_count"": 92, ""reached_target"": true, ""total_commands"": 170, ""turn_ratio"": 0.2941, ""moves_per_cell"": 1.0714}","{""phase_name"": ""Phase2_ReverseExploration"", ""moves"": 136, ""turns"": 80, ""cells_visited"": 71, ""time_seconds"": 18.1763, ""walls_found"": 53, ""replan_count"": 53, ""reached_target"": true, ""total_commands"": 216, ""turn_ratio"": 0.3704, ""moves_per_cell"": 1.9155}","{""phase_name"": ""SpeedRun"", ""moves"": 104, ""turns"": 30, ""cells_visited"": 0, ""time_seconds"": 4.3087, ""walls_found"": 0, ""replan_count"": 0, ""reached_target"": true, ""total_commands"": 134, ""turn_ratio"": 0.2239, ""moves_per_cell"": 0.0}"
FloodFill,v2,3_competition,competition,0,231,256,85,367,263,19.3189,159,159,True,,0.9023,0.4175,1.5887,0.3014,"{""phase_name"": ""Phase1_Exploration"", ""moves"": 131, ""turns"": 65, ""cells_visited"": 123, ""time_seconds"": 9.0954, ""walls_found"": 100, ""replan_count"": 100, ""reached_target"": true, ""total_commands"": 196, ""turn_ratio"": 0.3316, ""moves_per_cell"": 1.065}","{""phase_name"": ""Phase2_ReverseExploration"", ""moves"": 151, ""turns"": 131, ""cells_visited"": 107, ""time_seconds"": 7.6307, ""walls_found"": 59, ""replan_count"": 59, ""reached_target"": true, ""total_commands"": 282, ""turn_ratio"": 0.4645, ""moves_per_cell"": 1.4112}","{""phase_name"": ""SpeedRun"", ""moves"": 85, ""turns"": 67, ""cells_visited"": 0, ""time_seconds"": 2.5928, ""walls_found"": 0, ""replan_count"": 0, ""reached_target"": true, ""total_commands"": 152, ""turn_ratio"": 0.4408, ""moves_per_cell"": 0.0}"
FloodFill,v2,4_competition,competition,0,179,256,66,340,190,23.0767,134,134,True,,0.6992,0.3585,1.8994,0.2409,"{""phase_name"": ""Phase1_Exploration"", ""moves"": 138, ""turns"": 66, ""cells_visited"": 122, ""time_seconds"": 14.335, ""walls_found"": 101, ""replan_count"": 101, ""reached_target"": true, ""total_commands"": 204, ""turn_ratio"": 0.3235, ""moves_per_cell"": 1.1311}","{""phase_name"": ""Phase2_ReverseExploration"", ""moves"": 136, ""turns"": 92, ""cells_visited"": 56, ""time_seconds"": 5.8526, ""walls_found"": 33, ""replan_count"": 33, ""reached_target"": true, ""total_commands"": 228, ""turn_ratio"": 0.4035, ""moves_per_cell"": 2.4286}","{""phase_name"": ""SpeedRun"", ""moves"": 66, ""turns"": 32, ""cells_visited"": 0, ""time_seconds"": 2.8891, ""walls_found"": 0, ""replan_count"": 0, ""reached_target"": true, ""total_commands"": 98, ""turn_ratio"": 0.3265, ""moves_per_cell"": 0.0}"
FloodFill,v2,5_competition,competition,0,195,256,79,353,162,40.5672,137,137,True,,0.7617,0.3146,1.8103,0.2883,"{""phase_name"": ""Phase1_Exploration"", ""moves"": 191, ""turns"": 110, ""cells_visited"": 162, ""time_seconds"": 27.6437, ""walls_found"": 124, ""replan_count"": 124, ""reached_target"": true, ""total_commands"": 301, ""turn_ratio"": 0.3654, ""moves_per_cell"": 1.179}","{""phase_name"": ""Phase2_ReverseExploration"", ""moves"": 83, ""turns"": 28, ""cells_visited"": 32, ""time_seconds"": 9.5429, ""walls_found"": 13, ""replan_count"": 13, ""reached_target"": true, ""total_commands"": 111, ""turn_ratio"": 0.2523, ""moves_per_cell"": 2.5938}","{""phase_name"": ""SpeedRun"", ""moves"": 79, ""turns"": 24, ""cells_visited"": 0, ""time_seconds"": 3.3806, ""walls_found"": 0, ""replan_count"": 0, ""reached_target"": true, ""total_commands"": 103, ""turn_ratio"": 0.233, ""moves_per_cell"": 0.0}"
FloodFill,v2,6_competition,competition,0,97,256,61,221,109,18.3341,69,69,True,,0.3789,0.3303,2.2784,0.3812,"{""phase_name"": ""Phase1_Exploration"", ""moves"": 83, ""turns"": 39, ""cells_visited"": 74, ""time_seconds"": 7.603, ""walls_found"": 56, ""replan_count"": 56, ""reached_target"": true, ""total_commands"": 122, ""turn_ratio"": 0.3197, ""moves_per_cell"": 1.1216}","{""phase_name"": ""Phase2_ReverseExploration"", ""moves"": 77, ""turns"": 43, ""cells_visited"": 22, ""time_seconds"": 9.0146, ""walls_found"": 13, ""replan_count"": 13, ""reached_target"": true, ""total_commands"": 120, ""turn_ratio"": 0.3583, ""moves_per_cell"": 3.5}","{""phase_name"": ""SpeedRun"", ""moves"": 61, ""turns"": 27, ""cells_visited"": 0, ""time_seconds"": 1.7165, ""walls_found"": 0, ""replan_count"": 0, ""reached_target"": true, ""total_commands"": 88, ""turn_ratio"": 0.3068, ""moves_per_cell"": 0.0}"
FloodFill,v2,7_competition,competition,0,216,256,98,488,370,57.6406,132,132,True,,0.8438,0.4312,2.2593,0.2513,"{""phase_name"": ""Phase1_Exploration"", ""moves"": 186, ""turns"": 134, ""cells_visited"": 144, ""time_seconds"": 26.7797, ""walls_found"": 99, ""replan_count"": 99, ""reached_target"": true, ""total_commands"": 320, ""turn_ratio"": 0.4188, ""moves_per_cell"": 1.2917}","{""phase_name"": ""Phase2_ReverseExploration"", ""moves"": 204, ""turns"": 178, ""cells_visited"": 71, ""time_seconds"": 26.0905, ""walls_found"": 33, ""replan_count"": 33, ""reached_target"": true, ""total_commands"": 382, ""turn_ratio"": 0.466, ""moves_per_cell"": 2.8732}","{""phase_name"": ""SpeedRun"", ""moves"": 98, ""turns"": 58, ""cells_visited"": 0, ""time_seconds"": 4.7704, ""walls_found"": 0, ""replan_count"": 0, ""reached_target"": true, ""total_commands"": 156, ""turn_ratio"": 0.3718, ""moves_per_cell"": 0.0}"
FloodFill,v2,8_competition,competition,0,172,256,66,334,196,22.6179,116,116,True,,0.6719,0.3698,1.9419,0.2463,"{""phase_name"": ""Phase1_Exploration"", ""moves"": 174, ""turns"": 116, ""cells_visited"": 137, ""time_seconds"": 10.2584, ""walls_found"": 98, ""replan_count"": 98, ""reached_target"": true, ""total_commands"": 290, ""turn_ratio"": 0.4, ""moves_per_cell"": 1.2701}","{""phase_name"": ""Phase2_ReverseExploration"", ""moves"": 94, ""turns"": 56, ""cells_visited"": 34, ""time_seconds"": 9.5852, ""walls_found"": 18, ""replan_count"": 18, ""reached_target"": true, ""total_commands"": 150, ""turn_ratio"": 0.3733, ""moves_per_cell"": 2.7647}","{""phase_name"": ""SpeedRun"", ""moves"": 66, ""turns"": 24, ""cells_visited"": 0, ""time_seconds"": 2.7743, ""walls_found"": 0, ""replan_count"": 0, ""reached_target"": true, ""total_commands"": 90, ""turn_ratio"": 0.2667, ""moves_per_cell"": 0.0}"
FloodFill,v2,9_dead_end,dead_end,0,193,256,69,321,161,37.2254,138,138,True,,0.7539,0.334,1.6632,0.2738,"{""phase_name"": ""Phase1_Exploration"", ""moves"": 115, ""turns"": 57, ""cells_visited"": 96, ""time_seconds"": 16.0037, ""walls_found"": 67, ""replan_count"": 67, ""reached_target"": true, ""total_commands"": 172, ""turn_ratio"": 0.3314, ""moves_per_cell"": 1.1979}","{""phase_name"": ""Phase2_ReverseExploration"", ""moves"": 137, ""turns"": 77, ""cells_visited"": 96, ""time_seconds"": 18.3455, ""walls_found"": 71, ""replan_count"": 71, ""reached_target"": true, ""total_commands"": 214, ""turn_ratio"": 0.3598, ""moves_per_cell"": 1.4271}","{""phase_name"": ""SpeedRun"", ""moves"": 69, ""turns"": 27, ""cells_visited"": 0, ""time_seconds"": 2.8762, ""walls_found"": 0, ""replan_count"": 0, ""reached_target"": true, ""total_commands"": 96, ""turn_ratio"": 0.2812, ""moves_per_cell"": 0.0}"
FloodFill,v2,10_dead_end,dead_end,0,193,256,43,389,205,18.082,122,122,True,,0.7539,0.3451,2.0155,0.1243,"{""phase_name"": ""Phase1_Exploration"", ""moves"": 217, ""turns"": 107, ""cells_visited"": 160, ""time_seconds"": 12.3727, ""walls_found"": 116, ""replan_count"": 116, ""reached_target"": true, ""total_commands"": 324, ""turn_ratio"": 0.3302, ""moves_per_cell"": 1.3562}","{""phase_name"": ""Phase2_ReverseExploration"", ""moves"": 129, ""turns"": 85, ""cells_visited"": 32, ""time_seconds"": 4.5511, ""walls_found"": 6, ""replan_count"": 6, ""reached_target"": true, ""total_commands"": 214, ""turn_ratio"": 0.3972, ""moves_per_cell"": 4.0312}","{""phase_name"": ""SpeedRun"", ""moves"": 43, ""turns"": 13, ""cells_visited"": 0, ""time_seconds"": 1.1582, ""walls_found"": 0, ""replan_count"": 0, ""reached_target"": true, ""total_commands"": 56, ""turn_ratio"": 0.2321, ""moves_per_cell"": 0.0}"
FloodFill,v2,11_dead_end,dead_end,0,131,256,52,228,116,26.8864,99,99,True,,0.5117,0.3372,1.7405,0.2955,"{""phase_name"": ""Phase1_Exploration"", ""moves"": 68, ""turns"": 36, ""cells_visited"": 62, ""time_seconds"": 10.1956, ""walls_found"": 50, ""replan_count"": 50, ""reached_target"": true, ""total_commands"": 104, ""turn_ratio"": 0.3462, ""moves_per_cell"": 1.0968}","{""phase_name"": ""Phase2_ReverseExploration"", ""moves"": 108, ""turns"": 54, ""cells_visited"": 68, ""time_seconds"": 14.3581, ""walls_found"": 49, ""replan_count"": 49, ""reached_target"": true, ""total_commands"": 162, ""turn_ratio"": 0.3333, ""moves_per_cell"": 1.5882}","{""phase_name"": ""SpeedRun"", ""moves"": 52, ""turns"": 26, ""cells_visited"": 0, ""time_seconds"": 2.3327, ""walls_found"": 0, ""replan_count"": 0, ""reached_target"": true, ""total_commands"": 78, ""turn_ratio"": 0.3333, ""moves_per_cell"": 0.0}"
FloodFill,v2,12_multiple_path,multiple_path,0,186,256,88,344,151,39.4069,154,154,True,,0.7266,0.3051,1.8495,0.3438,"{""phase_name"": ""Phase1_Exploration"", ""moves"": 156, ""turns"": 51, ""cells_visited"": 149, ""time_seconds"": 23.2203, ""walls_found"": 133, ""replan_count"": 133, ""reached_target"": true, ""total_commands"": 207, ""turn_ratio"": 0.2464, ""moves_per_cell"": 1.047}","{""phase_name"": ""Phase2_ReverseExploration"", ""moves"": 100, ""turns"": 53, ""cells_visited"": 36, ""time_seconds"": 12.2492, ""walls_found"": 21, ""replan_count"": 21, ""reached_target"": true, ""total_commands"": 153, ""turn_ratio"": 0.3464, ""moves_per_cell"": 2.7778}","{""phase_name"": ""SpeedRun"", ""moves"": 88, ""turns"": 47, ""cells_visited"": 0, ""time_seconds"": 3.9374, ""walls_found"": 0, ""replan_count"": 0, ""reached_target"": true, ""total_commands"": 135, ""turn_ratio"": 0.3481, ""moves_per_cell"": 0.0}"
FloodFill,v2,13_multiple_path,multiple_path,0,85,256,64,230,60,16.4053,69,69,True,,0.332,0.2069,2.7059,0.3855,"{""phase_name"": ""Phase1_Exploration"", ""moves"": 82, ""turns"": 20, ""cells_visited"": 73, ""time_seconds"": 5.7715, ""walls_found"": 65, ""replan_count"": 65, ""reached_target"": true, ""total_commands"": 102, ""turn_ratio"": 0.1961, ""moves_per_cell"": 1.1233}","{""phase_name"": ""Phase2_ReverseExploration"", ""moves"": 84, ""turns"": 24, ""cells_visited"": 11, ""time_seconds"": 8.1189, ""walls_found"": 4, ""replan_count"": 4, ""reached_target"": true, ""total_commands"": 108, ""turn_ratio"": 0.2222, ""moves_per_cell"": 7.6364}","{""phase_name"": ""SpeedRun"", ""moves"": 64, ""turns"": 16, ""cells_visited"": 0, ""time_seconds"": 2.5149, ""walls_found"": 0, ""replan_count"": 0, ""reached_target"": true, ""total_commands"": 80, ""turn_ratio"": 0.2, ""moves_per_cell"": 0.0}"
FloodFill,v2,14_multiple_path,multiple_path,0,147,256,64,242,68,27.9964,123,123,True,,0.5742,0.2194,1.6463,0.3596,"{""phase_name"": ""Phase1_Exploration"", ""moves"": 82, ""turns"": 20, ""cells_visited"": 73, ""time_seconds"": 11.943, ""walls_found"": 64, ""replan_count"": 64, ""reached_target"": true, ""total_commands"": 102, ""turn_ratio"": 0.1961, ""moves_per_cell"": 1.1233}","{""phase_name"": ""Phase2_ReverseExploration"", ""moves"": 96, ""turns"": 32, ""cells_visited"": 73, ""time_seconds"": 13.4826, ""walls_found"": 59, ""replan_count"": 59, ""reached_target"": true, ""total_commands"": 128, ""turn_ratio"": 0.25, ""moves_per_cell"": 1.3151}","{""phase_name"": ""SpeedRun"", ""moves"": 64, ""turns"": 16, ""cells_visited"": 0, ""time_seconds"": 2.5708, ""walls_found"": 0, ""replan_count"": 0, ""reached_target"": true, ""total_commands"": 80, ""turn_ratio"": 0.2, ""moves_per_cell"": 0.0}"
FloodFill,v2,15_open_area,open_area,0,77,256,42,136,36,14.2635,50,50,True,,0.3008,0.2093,1.7662,0.4468,"{""phase_name"": ""Phase1_Exploration"", ""moves"": 44, ""turns"": 12, ""cells_visited"": 43, ""time_seconds"": 6.2356, ""walls_found"": 30, ""replan_count"": 30, ""reached_target"": true, ""total_commands"": 56, ""turn_ratio"": 0.2143, ""moves_per_cell"": 1.0233}","{""phase_name"": ""Phase2_ReverseExploration"", ""moves"": 50, ""turns"": 14, ""cells_visited"": 33, ""time_seconds"": 6.3425, ""walls_found"": 20, ""replan_count"": 20, ""reached_target"": true, ""total_commands"": 64, ""turn_ratio"": 0.2188, ""moves_per_cell"": 1.5152}","{""phase_name"": ""SpeedRun"", ""moves"": 42, ""turns"": 10, ""cells_visited"": 0, ""time_seconds"": 1.6854, ""walls_found"": 0, ""replan_count"": 0, ""reached_target"": true, ""total_commands"": 52, ""turn_ratio"": 0.1923, ""moves_per_cell"": 0.0}"
FloodFill,v2,16_open_area,open_area,0,96,256,48,192,72,9.7344,48,48,True,,0.375,0.2727,2.0,0.3333,"{""phase_name"": ""Phase1_Exploration"", ""moves"": 50, ""turns"": 14, ""cells_visited"": 49, ""time_seconds"": 3.8977, ""walls_found"": 33, ""replan_count"": 33, ""reached_target"": true, ""total_commands"": 64, ""turn_ratio"": 0.2188, ""moves_per_cell"": 1.0204}","{""phase_name"": ""Phase2_ReverseExploration"", ""moves"": 94, ""turns"": 44, ""cells_visited"": 46, ""time_seconds"": 4.3404, ""walls_found"": 15, ""replan_count"": 15, ""reached_target"": true, ""total_commands"": 138, ""turn_ratio"": 0.3188, ""moves_per_cell"": 2.0435}","{""phase_name"": ""SpeedRun"", ""moves"": 48, ""turns"": 14, ""cells_visited"": 0, ""time_seconds"": 1.4963, ""walls_found"": 0, ""replan_count"": 0, ""reached_target"": true, ""total_commands"": 62, ""turn_ratio"": 0.2258, ""moves_per_cell"": 0.0}"
FloodFill,v2,17_open_area,open_area,0,99,256,27,159,61,17.1282,42,42,True,,0.3867,0.2773,1.6061,0.2045,"{""phase_name"": ""Phase1_Exploration"", ""moves"": 61, ""turns"": 23, ""cells_visited"": 57, ""time_seconds"": 8.1032, ""walls_found"": 33, ""replan_count"": 33, ""reached_target"": true, ""total_commands"": 84, ""turn_ratio"": 0.2738, ""moves_per_cell"": 1.0702}","{""phase_name"": ""Phase2_ReverseExploration"", ""moves"": 71, ""turns"": 26, ""cells_visited"": 41, ""time_seconds"": 7.8422, ""walls_found"": 9, ""replan_count"": 9, ""reached_target"": true, ""total_commands"": 97, ""turn_ratio"": 0.268, ""moves_per_cell"": 1.7317}","{""phase_name"": ""SpeedRun"", ""moves"": 27, ""turns"": 12, ""cells_visited"": 0, ""time_seconds"": 1.1828, ""walls_found"": 0, ""replan_count"": 0, ""reached_target"": true, ""total_commands"": 39, ""turn_ratio"": 0.3077, ""moves_per_cell"": 0.0}"
FloodFill,v2,18_symmetric,symmetric,0,202,256,56,300,86,36.8162,158,158,True,,0.7891,0.2228,1.4851,0.2295,"{""phase_name"": ""Phase1_Exploration"", ""moves"": 114, ""turns"": 28, ""cells_visited"": 106, ""time_seconds"": 16.8531, ""walls_found"": 93, ""replan_count"": 93, ""reached_target"": true, ""total_commands"": 142, ""turn_ratio"": 0.1972, ""moves_per_cell"": 1.0755}","{""phase_name"": ""Phase2_ReverseExploration"", ""moves"": 130, ""turns"": 36, ""cells_visited"": 95, ""time_seconds"": 17.4165, ""walls_found"": 65, ""replan_count"": 65, ""reached_target"": true, ""total_commands"": 166, ""turn_ratio"": 0.2169, ""moves_per_cell"": 1.3684}","{""phase_name"": ""SpeedRun"", ""moves"": 56, ""turns"": 22, ""cells_visited"": 0, ""time_seconds"": 2.5466, ""walls_found"": 0, ""replan_count"": 0, ""reached_target"": true, ""total_commands"": 78, ""turn_ratio"": 0.2821, ""moves_per_cell"": 0.0}"
FloodFill,v2,19_symmetric,symmetric,0,172,256,54,322,119,36.3793,112,112,True,,0.6719,0.2698,1.8721,0.2015,"{""phase_name"": ""Phase1_Exploration"", ""moves"": 116, ""turns"": 29, ""cells_visited"": 97, ""time_seconds"": 15.2792, ""walls_found"": 67, ""replan_count"": 67, ""reached_target"": true, ""total_commands"": 145, ""turn_ratio"": 0.2, ""moves_per_cell"": 1.1959}","{""phase_name"": ""Phase2_ReverseExploration"", ""moves"": 152, ""turns"": 71, ""cells_visited"": 74, ""time_seconds"": 18.7589, ""walls_found"": 45, ""replan_count"": 45, ""reached_target"": true, ""total_commands"": 223, ""turn_ratio"": 0.3184, ""moves_per_cell"": 2.0541}","{""phase_name"": ""SpeedRun"", ""moves"": 54, ""turns"": 19, ""cells_visited"": 0, ""time_seconds"": 2.3412, ""walls_found"": 0, ""replan_count"": 0, ""reached_target"": true, ""total_commands"": 73, ""turn_ratio"": 0.2603, ""moves_per_cell"": 0.0}"
FloodFill,v2,20_symmetric,symmetric,0,133,256,36,204,71,18.7299,90,90,True,,0.5195,0.2582,1.5338,0.2143,"{""phase_name"": ""Phase1_Exploration"", ""moves"": 122, ""turns"": 35, ""cells_visited"": 100, ""time_seconds"": 12.6094, ""walls_found"": 69, ""replan_count"": 69, ""reached_target"": true, ""total_commands"": 157, ""turn_ratio"": 0.2229, ""moves_per_cell"": 1.22}","{""phase_name"": ""Phase2_ReverseExploration"", ""moves"": 46, ""turns"": 22, ""cells_visited"": 32, ""time_seconds"": 4.6574, ""walls_found"": 21, ""replan_count"": 21, ""reached_target"": true, ""total_commands"": 68, ""turn_ratio"": 0.3235, ""moves_per_cell"": 1.4375}","{""phase_name"": ""SpeedRun"", ""moves"": 36, ""turns"": 14, ""cells_visited"": 0, ""time_seconds"": 1.4631, ""walls_found"": 0, ""replan_count"": 0, ""reached_target"": true, ""total_commands"": 50, ""turn_ratio"": 0.28, ""moves_per_cell"": 0.0}"
IncrementalAStar,v2,1_competition,competition,0,109,256,52,182,83,8.2153,47,89,True,,0.4258,0.3132,1.6697,0.4,"{""phase_name"": ""Phase1_Exploration"", ""moves"": 70, ""turns"": 37, ""cells_visited"": 63, ""time_seconds"": 3.7335, ""walls_found"": 53, ""replan_count"": 27, ""reached_target"": true, ""total_commands"": 107, ""turn_ratio"": 0.3458, ""moves_per_cell"": 1.1111}","{""phase_name"": ""Phase2_ReverseExploration"", ""moves"": 60, ""turns"": 27, ""cells_visited"": 45, ""time_seconds"": 2.251, ""walls_found"": 36, ""replan_count"": 20, ""reached_target"": true, ""total_commands"": 87, ""turn_ratio"": 0.3103, ""moves_per_cell"": 1.3333}","{""phase_name"": ""SpeedRun"", ""moves"": 52, ""turns"": 19, ""cells_visited"": 0, ""time_seconds"": 2.2308, ""walls_found"": 0, ""replan_count"": 0, ""reached_target"": true, ""total_commands"": 71, ""turn_ratio"": 0.2676, ""moves_per_cell"": 0.0}"
IncrementalAStar,v2,2_competition,competition,0,189,256,104,372,171,36.0365,82,140,True,,0.7383,0.3149,1.9683,0.3881,"{""phase_name"": ""Phase1_Exploration"", ""moves"": 114, ""turns"": 39, ""cells_visited"": 109, ""time_seconds"": 13.2547, ""walls_found"": 93, ""replan_count"": 57, ""reached_target"": true, ""total_commands"": 153, ""turn_ratio"": 0.2549, ""moves_per_cell"": 1.0459}","{""phase_name"": ""Phase2_ReverseExploration"", ""moves"": 154, ""turns"": 103, ""cells_visited"": 79, ""time_seconds"": 18.6101, ""walls_found"": 47, ""replan_count"": 25, ""reached_target"": true, ""total_commands"": 257, ""turn_ratio"": 0.4008, ""moves_per_cell"": 1.9494}","{""phase_name"": ""SpeedRun"", ""moves"": 104, ""turns"": 29, ""cells_visited"": 0, ""time_seconds"": 4.1717, ""walls_found"": 0, ""replan_count"": 0, ""reached_target"": true, ""total_commands"": 133, ""turn_ratio"": 0.218, ""moves_per_cell"": 0.0}"
IncrementalAStar,v2,3_competition,competition,0,217,256,85,327,233,15.1911,91,152,True,,0.8477,0.4161,1.5069,0.3512,"{""phase_name"": ""Phase1_Exploration"", ""moves"": 122, ""turns"": 63, ""cells_visited"": 116, ""time_seconds"": 7.7109, ""walls_found"": 89, ""replan_count"": 57, ""reached_target"": true, ""total_commands"": 185, ""turn_ratio"": 0.3405, ""moves_per_cell"": 1.0517}","{""phase_name"": ""Phase2_ReverseExploration"", ""moves"": 120, ""turns"": 103, ""cells_visited"": 100, ""time_seconds"": 4.8977, ""walls_found"": 63, ""replan_count"": 34, ""reached_target"": true, ""total_commands"": 223, ""turn_ratio"": 0.4619, ""moves_per_cell"": 1.2}","{""phase_name"": ""SpeedRun"", ""moves"": 85, ""turns"": 67, ""cells_visited"": 0, ""time_seconds"": 2.5825, ""walls_found"": 0, ""replan_count"": 0, ""reached_target"": true, ""total_commands"": 152, ""turn_ratio"": 0.4408, ""moves_per_cell"": 0.0}"
IncrementalAStar,v2,4_competition,competition,0,156,256,66,290,154,29.2767,75,119,True,,0.6094,0.3468,1.859,0.2946,"{""phase_name"": ""Phase1_Exploration"", ""moves"": 68, ""turns"": 34, ""cells_visited"": 67, ""time_seconds"": 7.7802, ""walls_found"": 59, ""replan_count"": 33, ""reached_target"": true, ""total_commands"": 102, ""turn_ratio"": 0.3333, ""moves_per_cell"": 1.0149}","{""phase_name"": ""Phase2_ReverseExploration"", ""moves"": 156, ""turns"": 88, ""cells_visited"": 88, ""time_seconds"": 18.6248, ""walls_found"": 60, ""replan_count"": 42, ""reached_target"": true, ""total_commands"": 244, ""turn_ratio"": 0.3607, ""moves_per_cell"": 1.7727}","{""phase_name"": ""SpeedRun"", ""moves"": 66, ""turns"": 32, ""cells_visited"": 0, ""time_seconds"": 2.8717, ""walls_found"": 0, ""replan_count"": 0, ""reached_target"": true, ""total_commands"": 98, ""turn_ratio"": 0.3265, ""moves_per_cell"": 0.0}"
IncrementalAStar,v2,5_competition,competition,0,169,256,63,315,178,30.4047,66,128,True,,0.6602,0.3611,1.8639,0.25,"{""phase_name"": ""Phase1_Exploration"", ""moves"": 187, ""turns"": 108, ""cells_visited"": 160, ""time_seconds"": 21.3439, ""walls_found"": 127, ""replan_count"": 65, ""reached_target"": true, ""total_commands"": 295, ""turn_ratio"": 0.3661, ""moves_per_cell"": 1.1687}","{""phase_name"": ""Phase2_ReverseExploration"", ""moves"": 65, ""turns"": 36, ""cells_visited"": 8, ""time_seconds"": 6.2995, ""walls_found"": 1, ""replan_count"": 1, ""reached_target"": true, ""total_commands"": 101, ""turn_ratio"": 0.3564, ""moves_per_cell"": 8.125}","{""phase_name"": ""SpeedRun"", ""moves"": 63, ""turns"": 34, ""cells_visited"": 0, ""time_seconds"": 2.7613, ""walls_found"": 0, ""replan_count"": 0, ""reached_target"": true, ""total_commands"": 97, ""turn_ratio"": 0.3505, ""moves_per_cell"": 0.0}"
IncrementalAStar,v2,6_competition,competition,0,93,256,59,205,101,19.4873,38,70,True,,0.3633,0.3301,2.2043,0.4041,"{""phase_name"": ""Phase1_Exploration"", ""moves"": 81, ""turns"": 43, ""cells_visited"": 74, ""time_seconds"": 9.3346, ""walls_found"": 55, ""replan_count"": 32, ""reached_target"": true, ""total_commands"": 124, ""turn_ratio"": 0.3468, ""moves_per_cell"": 1.0946}","{""phase_name"": ""Phase2_ReverseExploration"", ""moves"": 65, ""turns"": 33, ""cells_visited"": 18, ""time_seconds"": 7.5211, ""walls_found"": 15, ""replan_count"": 6, ""reached_target"": true, ""total_commands"": 98, ""turn_ratio"": 0.3367, ""moves_per_cell"": 3.6111}","{""phase_name"": ""SpeedRun"", ""moves"": 59, ""turns"": 25, ""cells_visited"": 0, ""time_seconds"": 2.6316, ""walls_found"": 0, ""replan_count"": 0, ""reached_target"": true, ""total_commands"": 84, ""turn_ratio"": 0.2976, ""moves_per_cell"": 0.0}"
IncrementalAStar,v2,7_competition,competition,0,201,256,98,428,318,41.6409,82,130,True,,0.7852,0.4263,2.1294,0.297,"{""phase_name"": ""Phase1_Exploration"", ""moves"": 194, ""turns"": 158, ""cells_visited"": 149, ""time_seconds"": 22.3113, ""walls_found"": 105, ""replan_count"": 63, ""reached_target"": true, ""total_commands"": 352, ""turn_ratio"": 0.4489, ""moves_per_cell"": 1.302}","{""phase_name"": ""Phase2_ReverseExploration"", ""moves"": 136, ""turns"": 102, ""cells_visited"": 51, ""time_seconds"": 14.6078, ""walls_found"": 25, ""replan_count"": 19, ""reached_target"": true, ""total_commands"": 238, ""turn_ratio"": 0.4286, ""moves_per_cell"": 2.6667}","{""phase_name"": ""SpeedRun"", ""moves"": 98, ""turns"": 58, ""cells_visited"": 0, ""time_seconds"": 4.7218, ""walls_found"": 0, ""replan_count"": 0, ""reached_target"": true, ""total_commands"": 156, ""turn_ratio"": 0.3718, ""moves_per_cell"": 0.0}"
IncrementalAStar,v2,8_competition,competition,0,159,256,66,312,178,29.8875,70,110,True,,0.6211,0.3633,1.9623,0.2683,"{""phase_name"": ""Phase1_Exploration"", ""moves"": 162, ""turns"": 108, ""cells_visited"": 123, ""time_seconds"": 18.0275, ""walls_found"": 89, ""replan_count"": 60, ""reached_target"": true, ""total_commands"": 270, ""turn_ratio"": 0.4, ""moves_per_cell"": 1.3171}","{""phase_name"": ""Phase2_ReverseExploration"", ""moves"": 84, ""turns"": 46, ""cells_visited"": 35, ""time_seconds"": 9.157, ""walls_found"": 21, ""replan_count"": 10, ""reached_target"": true, ""total_commands"": 130, ""turn_ratio"": 0.3538, ""moves_per_cell"": 2.4}","{""phase_name"": ""SpeedRun"", ""moves"": 66, ""turns"": 24, ""cells_visited"": 0, ""time_seconds"": 2.703, ""walls_found"": 0, ""replan_count"": 0, ""reached_target"": true, ""total_commands"": 90, ""turn_ratio"": 0.2667, ""moves_per_cell"": 0.0}"
IncrementalAStar,v2,9_dead_end,dead_end,0,169,256,69,277,127,25.6702,74,122,True,,0.6602,0.3144,1.6391,0.3317,"{""phase_name"": ""Phase1_Exploration"", ""moves"": 127, ""turns"": 65, ""cells_visited"": 103, ""time_seconds"": 13.9046, ""walls_found"": 77, ""replan_count"": 51, ""reached_target"": true, ""total_commands"": 192, ""turn_ratio"": 0.3385, ""moves_per_cell"": 1.233}","{""phase_name"": ""Phase2_ReverseExploration"", ""moves"": 81, ""turns"": 35, ""cells_visited"": 65, ""time_seconds"": 8.7168, ""walls_found"": 45, ""replan_count"": 23, ""reached_target"": true, ""total_commands"": 116, ""turn_ratio"": 0.3017, ""moves_per_cell"": 1.2462}","{""phase_name"": ""SpeedRun"", ""moves"": 69, ""turns"": 27, ""cells_visited"": 0, ""time_seconds"": 3.0488, ""walls_found"": 0, ""replan_count"": 0, ""reached_target"": true, ""total_commands"": 96, ""turn_ratio"": 0.2812, ""moves_per_cell"": 0.0}"
IncrementalAStar,v2,10_dead_end,dead_end,0,192,256,43,313,153,30.7146,82,125,True,,0.75,0.3283,1.6302,0.1593,"{""phase_name"": ""Phase1_Exploration"", ""moves"": 211, ""turns"": 113, ""cells_visited"": 157, ""time_seconds"": 22.8816, ""walls_found"": 114, ""replan_count"": 76, ""reached_target"": true, ""total_commands"": 324, ""turn_ratio"": 0.3488, ""moves_per_cell"": 1.3439}","{""phase_name"": ""Phase2_ReverseExploration"", ""moves"": 59, ""turns"": 25, ""cells_visited"": 34, ""time_seconds"": 6.0237, ""walls_found"": 11, ""replan_count"": 6, ""reached_target"": true, ""total_commands"": 84, ""turn_ratio"": 0.2976, ""moves_per_cell"": 1.7353}","{""phase_name"": ""SpeedRun"", ""moves"": 43, ""turns"": 15, ""cells_visited"": 0, ""time_seconds"": 1.8093, ""walls_found"": 0, ""replan_count"": 0, ""reached_target"": true, ""total_commands"": 58, ""turn_ratio"": 0.2586, ""moves_per_cell"": 0.0}"
IncrementalAStar,v2,11_dead_end,dead_end,0,101,256,52,184,84,17.1269,44,77,True,,0.3945,0.3134,1.8218,0.3939,"{""phase_name"": ""Phase1_Exploration"", ""moves"": 60, ""turns"": 30, ""cells_visited"": 57, ""time_seconds"": 6.6517, ""walls_found"": 48, ""replan_count"": 25, ""reached_target"": true, ""total_commands"": 90, ""turn_ratio"": 0.3333, ""moves_per_cell"": 1.0526}","{""phase_name"": ""Phase2_ReverseExploration"", ""moves"": 72, ""turns"": 34, ""cells_visited"": 43, ""time_seconds"": 8.2212, ""walls_found"": 29, ""replan_count"": 19, ""reached_target"": true, ""total_commands"": 106, ""turn_ratio"": 0.3208, ""moves_per_cell"": 1.6744}","{""phase_name"": ""SpeedRun"", ""moves"": 52, ""turns"": 20, ""cells_visited"": 0, ""time_seconds"": 2.254, ""walls_found"": 0, ""replan_count"": 0, ""reached_target"": true, ""total_commands"": 72, ""turn_ratio"": 0.2778, ""moves_per_cell"": 0.0}"
IncrementalAStar,v2,12_multiple_path,multiple_path,0,214,256,86,380,167,37.0131,129,173,True,,0.8359,0.3053,1.7757,0.2925,"{""phase_name"": ""Phase1_Exploration"", ""moves"": 192, ""turns"": 77, ""cells_visited"": 183, ""time_seconds"": 21.7445, ""walls_found"": 156, ""replan_count"": 117, ""reached_target"": true, ""total_commands"": 269, ""turn_ratio"": 0.2862, ""moves_per_cell"": 1.0492}","{""phase_name"": ""Phase2_ReverseExploration"", ""moves"": 102, ""turns"": 51, ""cells_visited"": 30, ""time_seconds"": 11.5002, ""walls_found"": 17, ""replan_count"": 12, ""reached_target"": true, ""total_commands"": 153, ""turn_ratio"": 0.3333, ""moves_per_cell"": 3.4}","{""phase_name"": ""SpeedRun"", ""moves"": 86, ""turns"": 39, ""cells_visited"": 0, ""time_seconds"": 3.7684, ""walls_found"": 0, ""replan_count"": 0, ""reached_target"": true, ""total_commands"": 125, ""turn_ratio"": 0.312, ""moves_per_cell"": 0.0}"
IncrementalAStar,v2,13_multiple_path,multiple_path,0,182,256,64,328,100,31.6097,115,158,True,,0.7109,0.2336,1.8022,0.2424,"{""phase_name"": ""Phase1_Exploration"", ""moves"": 170, ""turns"": 60, ""cells_visited"": 143, ""time_seconds"": 19.0354, ""walls_found"": 120, ""replan_count"": 91, ""reached_target"": true, ""total_commands"": 230, ""turn_ratio"": 0.2609, ""moves_per_cell"": 1.1888}","{""phase_name"": ""Phase2_ReverseExploration"", ""moves"": 94, ""turns"": 24, ""cells_visited"": 38, ""time_seconds"": 10.0669, ""walls_found"": 38, ""replan_count"": 24, ""reached_target"": true, ""total_commands"": 118, ""turn_ratio"": 0.2034, ""moves_per_cell"": 2.4737}","{""phase_name"": ""SpeedRun"", ""moves"": 64, ""turns"": 16, ""cells_visited"": 0, ""time_seconds"": 2.5074, ""walls_found"": 0, ""replan_count"": 0, ""reached_target"": true, ""total_commands"": 80, ""turn_ratio"": 0.2, ""moves_per_cell"": 0.0}"
IncrementalAStar,v2,14_multiple_path,multiple_path,0,208,256,64,310,86,29.109,124,175,True,,0.8125,0.2172,1.4904,0.2602,"{""phase_name"": ""Phase1_Exploration"", ""moves"": 158, ""turns"": 46, ""cells_visited"": 137, ""time_seconds"": 17.3444, ""walls_found"": 117, ""replan_count"": 88, ""reached_target"": true, ""total_commands"": 204, ""turn_ratio"": 0.2255, ""moves_per_cell"": 1.1533}","{""phase_name"": ""Phase2_ReverseExploration"", ""moves"": 88, ""turns"": 24, ""cells_visited"": 70, ""time_seconds"": 9.2833, ""walls_found"": 58, ""replan_count"": 36, ""reached_target"": true, ""total_commands"": 112, ""turn_ratio"": 0.2143, ""moves_per_cell"": 1.2571}","{""phase_name"": ""SpeedRun"", ""moves"": 64, ""turns"": 16, ""cells_visited"": 0, ""time_seconds"": 2.4813, ""walls_found"": 0, ""replan_count"": 0, ""reached_target"": true, ""total_commands"": 80, ""turn_ratio"": 0.2, ""moves_per_cell"": 0.0}"
IncrementalAStar,v2,15_open_area,open_area,0,88,256,42,160,46,13.3771,31,43,True,,0.3438,0.2233,1.8182,0.3559,"{""phase_name"": ""Phase1_Exploration"", ""moves"": 76, ""turns"": 22, ""cells_visited"": 70, ""time_seconds"": 7.8775, ""walls_found"": 37, ""replan_count"": 29, ""reached_target"": true, ""total_commands"": 98, ""turn_ratio"": 0.2245, ""moves_per_cell"": 1.0857}","{""phase_name"": ""Phase2_ReverseExploration"", ""moves"": 42, ""turns"": 12, ""cells_visited"": 17, ""time_seconds"": 3.8339, ""walls_found"": 6, ""replan_count"": 2, ""reached_target"": true, ""total_commands"": 54, ""turn_ratio"": 0.2222, ""moves_per_cell"": 2.4706}","{""phase_name"": ""SpeedRun"", ""moves"": 42, ""turns"": 12, ""cells_visited"": 0, ""time_seconds"": 1.6657, ""walls_found"": 0, ""replan_count"": 0, ""reached_target"": true, ""total_commands"": 54, ""turn_ratio"": 0.2222, ""moves_per_cell"": 0.0}"
IncrementalAStar,v2,16_open_area,open_area,0,76,256,48,178,58,14.7772,28,44,True,,0.2969,0.2458,2.3421,0.3692,"{""phase_name"": ""Phase1_Exploration"", ""moves"": 80, ""turns"": 26, ""cells_visited"": 64, ""time_seconds"": 8.3682, ""walls_found"": 40, ""replan_count"": 26, ""reached_target"": true, ""total_commands"": 106, ""turn_ratio"": 0.2453, ""moves_per_cell"": 1.25}","{""phase_name"": ""Phase2_ReverseExploration"", ""moves"": 50, ""turns"": 20, ""cells_visited"": 11, ""time_seconds"": 4.5591, ""walls_found"": 4, ""replan_count"": 2, ""reached_target"": true, ""total_commands"": 70, ""turn_ratio"": 0.2857, ""moves_per_cell"": 4.5455}","{""phase_name"": ""SpeedRun"", ""moves"": 48, ""turns"": 12, ""cells_visited"": 0, ""time_seconds"": 1.8499, ""walls_found"": 0, ""replan_count"": 0, ""reached_target"": true, ""total_commands"": 60, ""turn_ratio"": 0.2, ""moves_per_cell"": 0.0}"
IncrementalAStar,v2,17_open_area,open_area,0,78,256,29,127,53,11.9297,31,41,True,,0.3047,0.2944,1.6282,0.2959,"{""phase_name"": ""Phase1_Exploration"", ""moves"": 61, ""turns"": 23, ""cells_visited"": 57, ""time_seconds"": 6.9511, ""walls_found"": 33, ""replan_count"": 27, ""reached_target"": true, ""total_commands"": 84, ""turn_ratio"": 0.2738, ""moves_per_cell"": 1.0702}","{""phase_name"": ""Phase2_ReverseExploration"", ""moves"": 37, ""turns"": 16, ""cells_visited"": 20, ""time_seconds"": 3.7338, ""walls_found"": 8, ""replan_count"": 4, ""reached_target"": true, ""total_commands"": 53, ""turn_ratio"": 0.3019, ""moves_per_cell"": 1.85}","{""phase_name"": ""SpeedRun"", ""moves"": 29, ""turns"": 14, ""cells_visited"": 0, ""time_seconds"": 1.2448, ""walls_found"": 0, ""replan_count"": 0, ""reached_target"": true, ""total_commands"": 43, ""turn_ratio"": 0.3256, ""moves_per_cell"": 0.0}"
IncrementalAStar,v2,18_symmetric,symmetric,0,146,256,56,248,80,23.1107,82,129,True,,0.5703,0.2439,1.6986,0.2917,"{""phase_name"": ""Phase1_Exploration"", ""moves"": 114, ""turns"": 28, ""cells_visited"": 105, ""time_seconds"": 12.7108, ""walls_found"": 92, ""replan_count"": 69, ""reached_target"": true, ""total_commands"": 142, ""turn_ratio"": 0.1972, ""moves_per_cell"": 1.0857}","{""phase_name"": ""Phase2_ReverseExploration"", ""moves"": 78, ""turns"": 30, ""cells_visited"": 40, ""time_seconds"": 8.0001, ""walls_found"": 37, ""replan_count"": 13, ""reached_target"": true, ""total_commands"": 108, ""turn_ratio"": 0.2778, ""moves_per_cell"": 1.95}","{""phase_name"": ""SpeedRun"", ""moves"": 56, ""turns"": 22, ""cells_visited"": 0, ""time_seconds"": 2.3998, ""walls_found"": 0, ""replan_count"": 0, ""reached_target"": true, ""total_commands"": 78, ""turn_ratio"": 0.2821, ""moves_per_cell"": 0.0}"
IncrementalAStar,v2,19_symmetric,symmetric,0,148,256,54,250,87,23.0965,64,108,True,,0.5781,0.2582,1.6892,0.2755,"{""phase_name"": ""Phase1_Exploration"", ""moves"": 124, ""turns"": 35, ""cells_visited"": 103, ""time_seconds"": 12.8048, ""walls_found"": 74, ""replan_count"": 43, ""reached_target"": true, ""total_commands"": 159, ""turn_ratio"": 0.2201, ""moves_per_cell"": 1.2039}","{""phase_name"": ""Phase2_ReverseExploration"", ""moves"": 72, ""turns"": 33, ""cells_visited"": 44, ""time_seconds"": 8.0241, ""walls_found"": 34, ""replan_count"": 21, ""reached_target"": true, ""total_commands"": 105, ""turn_ratio"": 0.3143, ""moves_per_cell"": 1.6364}","{""phase_name"": ""SpeedRun"", ""moves"": 54, ""turns"": 19, ""cells_visited"": 0, ""time_seconds"": 2.2676, ""walls_found"": 0, ""replan_count"": 0, ""reached_target"": true, ""total_commands"": 73, ""turn_ratio"": 0.2603, ""moves_per_cell"": 0.0}"
IncrementalAStar,v2,20_symmetric,symmetric,0,114,256,36,210,75,16.6462,49,83,True,,0.4453,0.2632,1.8421,0.2069,"{""phase_name"": ""Phase1_Exploration"", ""moves"": 130, ""turns"": 41, ""cells_visited"": 103, ""time_seconds"": 11.3628, ""walls_found"": 75, ""replan_count"": 44, ""reached_target"": true, ""total_commands"": 171, ""turn_ratio"": 0.2398, ""moves_per_cell"": 1.2621}","{""phase_name"": ""Phase2_ReverseExploration"", ""moves"": 44, ""turns"": 20, ""cells_visited"": 10, ""time_seconds"": 3.8419, ""walls_found"": 8, ""replan_count"": 5, ""reached_target"": true, ""total_commands"": 64, ""turn_ratio"": 0.3125, ""moves_per_cell"": 4.4}","{""phase_name"": ""SpeedRun"", ""moves"": 36, ""turns"": 14, ""cells_visited"": 0, ""time_seconds"": 1.4415, ""walls_found"": 0, ""replan_count"": 0, ""reached_target"": true, ""total_commands"": 50, ""turn_ratio"": 0.28, ""moves_per_cell"": 0.0}"
